_id,courses,students,__v,createdAt,status,updatedAt
6098b95ddfd028e106910827,609898c3a3d06d13536860bb,6095728f83c32a0468b97de0,0,2021-05-10 04:41:01.517,1,2021-05-10 04:41:01.517
6098d757dfd028e1069eb2d8,6098a809ada1c61054ab9baf,6098d6d460c9d01330ba6ea0,0,2021-05-10 06:48:55.180,1,2021-05-10 06:48:55.180
6098d8a9dfd028e1069f7248,6098c42badadc310362e4148,6098d8a0a33c5c13108d8ee0,0,2021-05-10 06:54:33.027,1,2021-05-10 06:54:33.027
6098dacddfd028e106a10d07,6098a809ada1c61054ab9baf,6098dab798a1111330b7623c,0,2021-05-10 07:03:41.293,1,2021-05-10 07:03:41.293
6098f217dfd028e106b13409,6098c42badadc310362e4148,6098f1e8beba6010775ff57e,0,2021-05-10 08:43:03.486,1,2021-05-10 08:43:03.486
60990188dfd028e106b94ded,6098d8d2b956201341738e44,6095728f83c32a0468b97de0,0,2021-05-10 09:48:56.911,1,2021-05-10 09:48:56.911
6099021edfd028e106b9a402,6098bda3a3d06d13536860c4,6095728f83c32a0468b97de0,0,2021-05-10 09:51:26.598,1,2021-05-10 09:51:26.598
60990752dfd028e106bc4082,6098c42badadc310362e4148,6095728f83c32a0468b97de0,0,2021-05-10 10:13:38.018,1,2021-05-10 10:13:38.018
6099226bdfd028e106c77be1,6098d8d2b956201341738e44,6098d8a0a33c5c13108d8ee0,0,2021-05-10 12:09:15.741,1,2021-05-10 12:09:15.741
6099446ddfd028e106cb0786,6098c722e9db40107d742784,6098d8a0a33c5c13108d8ee0,0,2021-05-10 14:34:21.321,1,2021-05-10 14:34:21.321
6099f952dfd028e106e3bf8b,6098a809ada1c61054ab9baf,6098d8a0a33c5c13108d8ee0,0,2021-05-11 03:26:10.623,1,2021-05-11 03:26:10.623
6099fd60dfd028e106e85150,6099ebfce803d120b85ec0a9,6098d8a0a33c5c13108d8ee0,0,2021-05-11 03:43:28.736,1,2021-05-11 03:43:28.736
609a1017dfd028e106f65595,6099ebfce803d120b85ec0a9,6098d70301c156105d56a587,0,2021-05-11 05:03:19.556,1,2021-05-11 05:03:19.556
609a135fdfd028e106f831af,6098a809ada1c61054ab9baf,6095728f83c32a0468b97de0,0,2021-05-11 05:17:19.189,1,2021-05-11 05:17:19.189
609a191edfd028e106fbcbcb,6099f5bca69ac0238c00a0f8,6098dab798a1111330b7623c,0,2021-05-11 05:41:50.369,1,2021-05-11 05:41:50.369
609a19abdfd028e106fbec8d,6099f8ab637a7e20c0d49614,6098dab798a1111330b7623c,0,2021-05-11 05:44:11.235,1,2021-05-11 05:44:11.235
609a2b06dfd028e106037df3,6098c42badadc310362e4148,6098dab798a1111330b7623c,0,2021-05-11 06:58:14.282,1,2021-05-11 06:58:14.282
609a2b83dfd028e10603f08b,6098c42badadc310362e4148,609a2ae9759b4720d1ece6c4,0,2021-05-11 07:00:19.902,1,2021-05-11 07:00:19.902
609a2c03dfd028e1060424c2,6099ebfce803d120b85ec0a9,6098dab798a1111330b7623c,0,2021-05-11 07:02:27.006,1,2021-05-11 07:02:27.006
609a54fbdfd028e106198aed,6098c42ea6240712fd2b7a7b,609a5468f1da7321f5f94d55,0,2021-05-11 09:57:15.248,1,2021-05-11 09:57:15.248
609a8ce3dfd028e1063ce3bc,6098c42badadc310362e4148,609a8bda0da1ae20f6d4535b,0,2021-05-11 13:55:47.841,1,2021-05-11 13:55:47.841
609a8d99dfd028e1063d870e,609901f960c9d01330ba885d,609a8bda0da1ae20f6d4535b,0,2021-05-11 13:58:49.927,1,2021-05-11 13:58:49.927
609a8f13dfd028e10640320a,6098a809ada1c61054ab9baf,609a8bda0da1ae20f6d4535b,0,2021-05-11 14:05:07.959,1,2021-05-11 14:05:07.959
609aaff3dfd028e1064a0824,609a0b5b4042a820d2da1cdf,609a5468f1da7321f5f94d55,0,2021-05-11 16:25:23.088,1,2021-05-11 16:25:23.088
609ab0c3dfd028e1064a0e05,6099e4194042a820d2d9fd3d,609a5468f1da7321f5f94d55,0,2021-05-11 16:28:51.080,1,2021-05-11 16:28:51.080
609b2b0edfd028e106520a83,6098d49e01c156105d56a586,6098d6f5a6240712fd2b8ae2,0,2021-05-12 01:10:38.976,1,2021-05-12 01:10:38.976
609b7d4edfd028e1069d6b1d,609a3b5022aa5420dbc6f89b,6098d70301c156105d56a587,0,2021-05-12 07:01:34.575,1,2021-05-12 07:01:34.575
609be54edfd028e106d8da88,6098b693946da8130d466d51,6098dab798a1111330b7623c,0,2021-05-12 14:25:18.408,1,2021-05-12 14:25:18.408
609bf7e8dfd028e106dc3def,609949444c30c0100b1185de,6097da08a3d06d13536860b5,0,2021-05-12 15:44:40.105,1,2021-05-12 15:44:40.105
609bf804dfd028e106dc488b,609b2d6262bf3ea603ef35eb,6095728f83c32a0468b97de0,0,2021-05-12 15:45:08.686,1,2021-05-12 15:45:08.686
609bf8b2dfd028e106dd1803,6099f8ab637a7e20c0d49614,6095728f83c32a0468b97de0,0,2021-05-12 15:48:02.715,1,2021-05-12 15:48:02.715
609bfbe0dfd028e106dd7bfc,609949444c30c0100b1185de,6098dab798a1111330b7623c,0,2021-05-12 16:01:36.058,1,2021-05-12 16:01:36.058
609c8cbfdfd028e10605077e,609b52a7759b4720d1ed28bc,6098d70301c156105d56a587,0,2021-05-13 02:19:43.316,1,2021-05-13 02:19:43.316
609c92cbdfd028e106071fa9,6098c42badadc310362e4148,609c92c32addc520e61d2f28,0,2021-05-13 02:45:31.522,1,2021-05-13 02:45:31.522
609cd247dfd028e10624be50,6098c42badadc310362e4148,609cd1010cc1f1211953101c,0,2021-05-13 07:16:23.066,1,2021-05-13 07:16:23.066
609cd7dbdfd028e10627fdd4,609949444c30c0100b1185de,609cd1010cc1f1211953101c,0,2021-05-13 07:40:11.739,1,2021-05-13 07:40:11.739
609cec06dfd028e1064402a3,6098d8d2b956201341738e44,609ce9424042a820d2db051e,0,2021-05-13 09:06:14.396,1,2021-05-13 09:06:14.396
609d1f9adfd028e10674f182,6098c81552c90013256ee885,609a5468f1da7321f5f94d55,0,2021-05-13 12:46:18.717,1,2021-05-13 12:46:18.717
609d1fffdfd028e10675015f,609cc8582addc520e61d4190,6098d8a0a33c5c13108d8ee0,0,2021-05-13 12:47:59.205,1,2021-05-13 12:47:59.205
609d2677dfd028e106760634,6099e646f1da7321f5f922bf,6098d8a0a33c5c13108d8ee0,0,2021-05-13 13:15:35.870,1,2021-05-13 13:15:35.870
609dde3bdfd028e10693462b,609ce831fb46dc238dd0b38c,6098d70301c156105d56a587,0,2021-05-14 02:19:39.442,1,2021-05-14 02:19:39.442
609de1f8dfd028e106935e67,6098d8d2b956201341738e44,609de1e958404120e038aea7,0,2021-05-14 02:35:36.289,1,2021-05-14 02:35:36.289
609e0c40dfd028e10695a8f2,609ce77f9b82003abf251ffd,609e0b3e62bf3ea603efd2cb,0,2021-05-14 05:36:00.329,1,2021-05-14 05:36:00.329
609e0e71dfd028e10696e6dc,6098d8d2b956201341738e44,609e0b3e62bf3ea603efd2cb,0,2021-05-14 05:45:21.331,1,2021-05-14 05:45:21.331
609e0eeddfd028e106970220,609b2d6262bf3ea603ef35eb,609e0b3e62bf3ea603efd2cb,0,2021-05-14 05:47:25.172,1,2021-05-14 05:47:25.172
609e3af3dfd028e106cdffc2,609e1793548b71237e9eb00e,6098d8a0a33c5c13108d8ee0,0,2021-05-14 08:55:15.109,1,2021-05-14 08:55:15.109
609e415adfd028e106d35074,6098a809ada1c61054ab9baf,609e406b2addc520e61db13f,0,2021-05-14 09:22:34.011,1,2021-05-14 09:22:34.011
609e4356dfd028e106d71c68,609949444c30c0100b1185de,6095728f83c32a0468b97de0,0,2021-05-14 09:31:02.711,1,2021-05-14 09:31:02.711
609e453cdfd028e106d76f76,609d08255436ed23b6c89ce4,6095728f83c32a0468b97de0,0,2021-05-14 09:39:08.047,1,2021-05-14 09:39:08.047
609e6b9adfd028e106e5f34e,609ce831fb46dc238dd0b38c,609e6b920da1ae20f6d51eb9,0,2021-05-14 12:22:50.974,1,2021-05-14 12:22:50.974
609f141bdfd028e106e993b9,6098dbfde556581039222c99,6097da08a3d06d13536860b5,0,2021-05-15 00:21:47.484,1,2021-05-15 00:21:47.484
609f5ae7cbbec8f8078dde0d,609954c0beba601077600414,6098d6f5a6240712fd2b8ae2,0,2021-05-15 05:23:51.590,1,2021-05-15 05:23:51.590
60a08aafcbbec8f807adc51c,609949444c30c0100b1185de,609a8bda0da1ae20f6d4535b,0,2021-05-16 02:59:59.381,1,2021-05-16 02:59:59.381
60a0ce89cbbec8f807af6150,609e22f877dc942215bdfe92,6098d8a0a33c5c13108d8ee0,0,2021-05-16 07:49:29.218,1,2021-05-16 07:49:29.218
60a202c7cbbec8f807b773df,609e382258404120e038eac0,6095728f83c32a0468b97de0,0,2021-05-17 05:44:39.723,1,2021-05-17 05:44:39.723
60a20d03cbbec8f807ba5545,6098a809ada1c61054ab9baf,60a20cea690415b469246fea,0,2021-05-17 06:28:19.600,1,2021-05-17 06:28:19.600
60a20d90cbbec8f807baa7f2,609cf86f9fd21b23c34a62c6,60a20cea690415b469246fea,0,2021-05-17 06:30:40.875,1,2021-05-17 06:30:40.875
60a23caecbbec8f807c8f461,609b4db014dca82233ecbbb4,60a23b75371c4eb4837060e8,0,2021-05-17 09:51:42.046,1,2021-05-17 09:51:42.046
60a245d3cbbec8f807c937aa,609a3b5022aa5420dbc6f89b,60a23b75371c4eb4837060e8,0,2021-05-17 10:30:43.190,1,2021-05-17 10:30:43.190
60a2469ecbbec8f807c93e02,6098c42ea6240712fd2b7a7b,6098d8a0a33c5c13108d8ee0,0,2021-05-17 10:34:06.762,1,2021-05-17 10:34:06.762
60a24726cbbec8f807c942b0,609e41d90cc1f121195392d5,6098d8a0a33c5c13108d8ee0,0,2021-05-17 10:36:22.291,1,2021-05-17 10:36:22.291
60a24cb0cbbec8f807c96af9,6098a809ada1c61054ab9baf,60a24aa402e2e9b08ea56453,0,2021-05-17 11:00:00.886,1,2021-05-17 11:00:00.886
60a257dfcbbec8f807c9b969,609949444c30c0100b1185de,60a2566137bfeab461bf0a26,0,2021-05-17 11:47:43.102,1,2021-05-17 11:47:43.102
60a4c8dbcbbec8f807eb1153,609f70e177dc942215be2f3d,6098d6d460c9d01330ba6ea0,0,2021-05-19 08:14:19.729,1,2021-05-19 08:14:19.729
60a5e53dcbbec8f807f1d4f5,609d08255436ed23b6c89ce4,6098d6d460c9d01330ba6ea0,0,2021-05-20 04:27:41.251,1,2021-05-20 04:27:41.251
60a6271dcbbec8f807003449,6098a809ada1c61054ab9baf,60a6270ec46b4cb489c1062b,0,2021-05-20 09:08:45.926,1,2021-05-20 09:08:45.926
60aa4eeacbbec8f80726a59d,60a60d233a8fdab3cdac8be3,6098d8a0a33c5c13108d8ee0,0,2021-05-23 12:47:38.181,1,2021-05-23 12:47:38.181
60ab0267cbbec8f8072ad20a,6098bda3a3d06d13536860c4,60ab01eba52a74b3cf449304,0,2021-05-24 01:33:27.198,1,2021-05-24 01:33:27.198
60ab63b7cbbec8f8072d14b4,609954c0beba601077600414,60ab63a63bef09b497396cfd,0,2021-05-24 08:28:39.202,1,2021-05-24 08:28:39.202
60aca538cbbec8f8074e7270,609cf86f9fd21b23c34a62c6,6098d6d460c9d01330ba6ea0,0,2021-05-25 07:20:24.331,1,2021-05-25 07:20:24.331
60acbe53cbbec8f807509443,609a360e764931920e6094c3,6098d8a0a33c5c13108d8ee0,0,2021-05-25 09:07:31.028,1,2021-05-25 09:07:31.028
60acc7eacbbec8f8075516f9,609e41d90cc1f121195392d5,60acc7e20fde2d6731eb4665,0,2021-05-25 09:48:26.352,1,2021-05-25 09:48:26.352
60acdbedcbbec8f80759c680,60a62731f2e4d28b7439ccb0,6098d8a0a33c5c13108d8ee0,0,2021-05-25 11:13:49.566,1,2021-05-25 11:13:49.566
60ad3b1ecbbec8f8075bf96a,609ce5ca6d3ba12100e7fce0,6098d8a0a33c5c13108d8ee0,0,2021-05-25 17:59:58.516,1,2021-05-25 17:59:58.516
60ae0752cbbec8f80760b983,6098fc3e572591105f050887,6098d8a0a33c5c13108d8ee0,0,2021-05-26 08:31:14.516,1,2021-05-26 08:31:14.516
60aefa67cbbec8f807667c66,6098a809ada1c61054ab9baf,60aefa2d37fe2467bc0c793d,0,2021-05-27 01:48:23.719,1,2021-05-27 01:48:23.719
60af55fdcbbec8f8076b855c,609d08255436ed23b6c89ce4,6098d6f5a6240712fd2b8ae2,0,2021-05-27 08:19:09.990,1,2021-05-27 08:19:09.990
60b0ae31cbbec8f8077f6f79,60a2129e4a40ebb39dad8565,6098d8a0a33c5c13108d8ee0,0,2021-05-28 08:47:45.859,1,2021-05-28 08:47:45.859
60b1e6b9cbbec8f80786b4a2,6098a809ada1c61054ab9baf,60ab63a63bef09b497396cfd,0,2021-05-29 07:01:13.331,1,2021-05-29 07:01:13.331
60b1ffabcbbec8f807874b28,609e41d90cc1f121195392d5,60ab63a63bef09b497396cfd,0,2021-05-29 08:47:39.029,1,2021-05-29 08:47:39.029
60b200e6cbbec8f807875566,609f70e177dc942215be2f3d,60ab63a63bef09b497396cfd,0,2021-05-29 08:52:54.642,1,2021-05-29 08:52:54.642
60b20ed3cbbec8f807897a48,609e3dab106a1dc387494cf9,60ab63a63bef09b497396cfd,0,2021-05-29 09:52:19.017,1,2021-05-29 09:52:19.017
60b33ba9cbbec8f8079a037e,609c88366d3ba12100e798de,609cd1010cc1f1211953101c,0,2021-05-30 07:15:53.254,1,2021-05-30 07:15:53.254
60b5070dcbbec8f807a4b7dc,60ac6ac64bf0136387e160fa,6098d8a0a33c5c13108d8ee0,0,2021-05-31 15:55:57.055,1,2021-05-31 15:55:57.055
60b727b5cbbec8f807b152e8,609befc422aa5420dbc75ae6,6098d8a0a33c5c13108d8ee0,0,2021-06-02 06:39:49.950,1,2021-06-02 06:39:49.950
60b731e0cbbec8f807b1926e,60a1f0744a40ebb39dad8559,6098d8a0a33c5c13108d8ee0,0,2021-06-02 07:23:12.289,1,2021-06-02 07:23:12.289
60b73420cbbec8f807b1bb05,60b73368d4220d60162db93c,6098d8a0a33c5c13108d8ee0,0,2021-06-02 07:32:48.195,1,2021-06-02 07:32:48.195
60b85ef3cbbec8f807ba560d,6098a809ada1c61054ab9baf,6098d70301c156105d56a587,0,2021-06-03 04:47:47.933,1,2021-06-03 04:47:47.933
60b99995cbbec8f807c1a821,6098b693946da8130d466d51,6098d8a0a33c5c13108d8ee0,0,2021-06-04 03:10:13.850,1,2021-06-04 03:10:13.850
60b99aaacbbec8f807c1b197,6098d59998a1111330b7587f,6098d8a0a33c5c13108d8ee0,0,2021-06-04 03:14:50.252,1,2021-06-04 03:14:50.252
60b9a9dbcbbec8f807c2102e,6099ebb90da1ae20f6d45311,6098d8a0a33c5c13108d8ee0,0,2021-06-04 04:19:39.284,1,2021-06-04 04:19:39.284
60c045fbcbbec8f807e90e64,609ce831fb46dc238dd0b38c,60c045e96d67c06027830800,0,2021-06-09 04:39:23.096,1,2021-06-09 04:39:23.096
60c81659cbbec8f807174135,609b52a7759b4720d1ed28bc,60a20cea690415b469246fea,0,2021-06-15 02:54:17.245,1,2021-06-15 02:54:17.245
60c96b04cbbec8f8071f60df,609b53d10cc1f1211952d936,60a23b75371c4eb4837060e8,0,2021-06-16 03:07:48.906,1,2021-06-16 03:07:48.906
60cde22dcbbec8f807ef2dfc,60cddf063f8e8ee371d0788d,6098d8a0a33c5c13108d8ee0,0,2021-06-19 12:25:17.879,1,2021-06-19 12:25:17.879
60d05032cbbec8f807cea7aa,60d0359a86997de78c67edaa,60d04fc165b882e577d622af,0,2021-06-21 08:39:14.140,1,2021-06-21 08:39:14.140
60d0c06ccbbec8f807702252,60d0b7dbfcf703e758692a6e,6098d8a0a33c5c13108d8ee0,0,2021-06-21 16:38:04.772,1,2021-06-21 16:38:04.772
60d0c07fcbbec8f807708269,60d04ee5c20f0de793a7d140,6098d8a0a33c5c13108d8ee0,0,2021-06-21 16:38:23.415,1,2021-06-21 16:38:23.415
60d1a8b8cbbec8f807e328b1,60cee1f47504f5e57f68afef,60acc7e20fde2d6731eb4665,0,2021-06-22 09:09:12.975,1,2021-06-22 09:09:12.975
60d1a8e4cbbec8f807e3b3a5,60d04ee5c20f0de793a7d140,60acc7e20fde2d6731eb4665,0,2021-06-22 09:09:56.249,1,2021-06-22 09:09:56.249
60d1a98dcbbec8f807e59eec,60d0520b93656ce7950ad57a,6098d8a0a33c5c13108d8ee0,0,2021-06-22 09:12:45.014,1,2021-06-22 09:12:45.014
60d1b211cbbec8f807ee09a2,60d1412f307be2e78cdc4fcd,60d1b18265b882e577d76b76,0,2021-06-22 09:49:05.030,1,2021-06-22 09:49:05.030
60d1b399cbbec8f807ef3f73,609cf77fdc5f85220999b66d,60d1b18265b882e577d76b76,0,2021-06-22 09:55:37.586,1,2021-06-22 09:55:37.586
60d1fe03cbbec8f807181160,609e1793548b71237e9eb00e,60d1fdd69b2c1d3c3e97aac5,0,2021-06-22 15:13:07.306,1,2021-06-22 15:13:07.306
60d32505cbbec8f807ec3b43,609cea2962bf3ea603efd2ad,60d324f612cae8e759e6654f,0,2021-06-23 12:11:49.053,1,2021-06-23 12:11:49.053
60d3e828cbbec8f8073eab64,60d2fdd3206f6ae5806d11be,60c816dfb84b7b67b6b10b3f,0,2021-06-24 02:04:24.650,1,2021-06-24 02:04:24.650
60d43320cbbec8f8079e02aa,60cee89cebdc05e39ddf03b0,60d432593d549f33ea080463,0,2021-06-24 07:24:16.873,1,2021-06-24 07:24:16.873
60d43375cbbec8f8079e62b9,60cee4cea6b0f0e3790a4e56,60d432593d549f33ea080463,0,2021-06-24 07:25:41.230,1,2021-06-24 07:25:41.230
60d44501cbbec8f807ac118f,609949444c30c0100b1185de,60d4447feac6d6f0423c9243,0,2021-06-24 08:40:33.247,1,2021-06-24 08:40:33.247
60d4c935cbbec8f8072e528d,60d29ecfa91f2bdf1d54c7cc,60d4c914c20f0de793aa4259,0,2021-06-24 18:04:37.752,1,2021-06-24 18:04:37.752
60d4c98ccbbec8f8072e552c,6098b693946da8130d466d51,60d4c914c20f0de793aa4259,0,2021-06-24 18:06:04.514,1,2021-06-24 18:06:04.514
60d4ca01cbbec8f8072e5912,609cf86f9fd21b23c34a62c6,60d4c914c20f0de793aa4259,0,2021-06-24 18:08:01.821,1,2021-06-24 18:08:01.821
60d4caaecbbec8f8072e5e10,609cf77fdc5f85220999b66d,60d4c914c20f0de793aa4259,0,2021-06-24 18:10:54.451,1,2021-06-24 18:10:54.451
60d521c1cbbec8f8073066c2,60d29ec893656ce7950c5599,60d520ff991c55e7a5363c76,0,2021-06-25 00:22:25.807,1,2021-06-25 00:22:25.807
60d56ee4cbbec8f8079b7663,60d2f5480bf268e35dcfdbf2,60d56e873ddad08ba4e81183,0,2021-06-25 05:51:32.100,1,2021-06-25 05:51:32.100
60d570f9cbbec8f8079caacf,60a62731f2e4d28b7439ccb0,60d56e873ddad08ba4e81183,0,2021-06-25 06:00:25.946,1,2021-06-25 06:00:25.946
60d59511cbbec8f807c26d07,60d579cb10b48724ac263c63,6098d6f5a6240712fd2b8ae2,0,2021-06-25 08:34:25.221,1,2021-06-25 08:34:25.221
60d59607cbbec8f807c57a99,609e3130fb46dc238dd1259b,6098d6f5a6240712fd2b8ae2,0,2021-06-25 08:38:31.414,1,2021-06-25 08:38:31.414
60d5ae8dcbbec8f8071667fc,60d5a645e1a608e7869f292b,60d5ae5ad06a4a20fac5de28,0,2021-06-25 10:23:09.876,1,2021-06-25 10:23:09.876
60d5aef8cbbec8f80717e602,60d2f5480bf268e35dcfdbf2,60d5ae5ad06a4a20fac5de28,0,2021-06-25 10:24:56.297,1,2021-06-25 10:24:56.297
60d5b127cbbec8f8071d2893,609cc8582addc520e61d4190,60d5ae5ad06a4a20fac5de28,0,2021-06-25 10:34:15.429,1,2021-06-25 10:34:15.429
60d5b264cbbec8f80720d20d,60d579cb10b48724ac263c63,60d5ae5ad06a4a20fac5de28,0,2021-06-25 10:39:32.865,1,2021-06-25 10:39:32.865
60d74202cbbec8f807b8e80d,60c9aa497504f5e57f686716,6098d8a0a33c5c13108d8ee0,0,2021-06-26 15:04:34.672,1,2021-06-26 15:04:34.672
60d7f9b8cbbec8f807bd1606,60d7103a12cae8e759e83968,609cd1010cc1f1211953101c,0,2021-06-27 04:08:24.332,1,2021-06-27 04:08:24.332
60d824dbcbbec8f807dd13a7,60d6e73e9b2c1d3c3e9a9dfd,60b2fae7ad913a6579b1866e,0,2021-06-27 07:12:27.771,1,2021-06-27 07:12:27.771
60d8485ecbbec8f807f46bfa,60d0a901c20f0de793a7f81e,60a23b75371c4eb4837060e8,0,2021-06-27 09:43:58.755,1,2021-06-27 09:43:58.755
60d848dacbbec8f807f47297,60d29e6f1b6d5fe571aeb064,60a23b75371c4eb4837060e8,0,2021-06-27 09:46:02.340,1,2021-06-27 09:46:02.340
60d84913cbbec8f807f47d38,609e28b7548b71237e9ebe38,60a23b75371c4eb4837060e8,0,2021-06-27 09:46:59.614,1,2021-06-27 09:46:59.614
60d98d3dcbbec8f8072f0ab8,60d988e312cae8e759e84df9,60d98cc6c059a40adb37c3b1,0,2021-06-28 08:50:05.316,1,2021-06-28 08:50:05.316
60d98daacbbec8f8072f3d3d,60d6be76e9fd8e0ac5ce2830,60d98cc6c059a40adb37c3b1,0,2021-06-28 08:51:54.520,1,2021-06-28 08:51:54.520
60d99440cbbec8f80734961c,609e28b7548b71237e9ebe38,60d994261ede65e5b012a8c0,0,2021-06-28 09:20:00.599,1,2021-06-28 09:20:00.599
60d99ff8cbbec8f807434713,6098a809ada1c61054ab9baf,609c92c32addc520e61d2f28,0,2021-06-28 10:10:00.782,1,2021-06-28 10:10:00.782
60d9a0d5cbbec8f80743a7ee,60d99713e1a608e786a02a53,609c92c32addc520e61d2f28,0,2021-06-28 10:13:41.465,1,2021-06-28 10:13:41.465
60daa54bcbbec8f807c4d12f,6099f8ab637a7e20c0d49614,60da9eca7c197c7027f2704d,0,2021-06-29 04:44:59.320,1,2021-06-29 04:44:59.320
60dae1fccbbec8f807c8a0a6,60d577f73ddad08ba4e8118f,6098d6f5a6240712fd2b8ae2,0,2021-06-29 09:03:56.667,1,2021-06-29 09:03:56.667
60daf32ccbbec8f807c90edc,60da8b11b3a1e26fd4a710ea,609c92c32addc520e61d2f28,0,2021-06-29 10:17:16.547,1,2021-06-29 10:17:16.547
60dc2844cbbec8f807d0b27e,6098a809ada1c61054ab9baf,60dc274a312dab1d24170e45,0,2021-06-30 08:16:04.456,1,2021-06-30 08:16:04.456
60dc2cbdcbbec8f807d0da08,6098a809ada1c61054ab9baf,60dc2c68bf55bf70519b8438,0,2021-06-30 08:35:09.606,1,2021-06-30 08:35:09.606
60dc349ccbbec8f807d120c8,60d934a91b6d5fe571b0e326,60dc274a312dab1d24170e45,0,2021-06-30 09:08:44.195,1,2021-06-30 09:08:44.195
60dc36e3cbbec8f807d13576,609e41d90cc1f121195392d5,60dc35b2f4da837019f1e92a,0,2021-06-30 09:18:27.529,1,2021-06-30 09:18:27.529
60dc3793cbbec8f807d13e4a,60d6be76e9fd8e0ac5ce2830,60dc274a312dab1d24170e45,0,2021-06-30 09:21:23.792,1,2021-06-30 09:21:23.792
60dc58c0cbbec8f807d245d4,60d29ebc9ee625e363f2727d,6098d8a0a33c5c13108d8ee0,0,2021-06-30 11:42:56.568,1,2021-06-30 11:42:56.568
60dc5ae5cbbec8f807d25c51,60d2f542a91f2bdf1d54d735,60dc274a312dab1d24170e45,0,2021-06-30 11:52:05.945,1,2021-06-30 11:52:05.945
60dc7544cbbec8f807d32c3f,60d6bdf8c20f0de793ab95ee,60dc749354623e6fa00fd316,0,2021-06-30 13:44:36.198,1,2021-06-30 13:44:36.198
60dc952ecbbec8f807d41c85,6098dbfde556581039222c99,60dc938bf637806d3f072c41,0,2021-06-30 16:00:46.911,1,2021-06-30 16:00:46.911
60dc96c2cbbec8f807d429b5,609a0c51fb46dc238dcfcb35,60dc958ec94f556d4d2b4900,0,2021-06-30 16:07:30.531,1,2021-06-30 16:07:30.531
60dc980fcbbec8f807d435b5,60cdad183ddad08ba4e4eba0,60dc958ec94f556d4d2b4900,0,2021-06-30 16:13:03.158,1,2021-06-30 16:13:03.158
60dc9ad4cbbec8f807d44a2d,609cce6722aa5420dbc78ff3,60dc9a0c46066b1d36fe2a22,0,2021-06-30 16:24:52.346,1,2021-06-30 16:24:52.346
60dca069cbbec8f807d47215,60d1a6fae1a608e7869cd91a,60dca01f312dab1d24170e8e,0,2021-06-30 16:48:41.691,1,2021-06-30 16:48:41.691
60dca0decbbec8f807d4772f,60d44c0265b882e577d8692e,60dca01f312dab1d24170e8e,0,2021-06-30 16:50:38.862,1,2021-06-30 16:50:38.862
60dd0529cbbec8f807d6e1e2,6098b693946da8130d466d51,609a5468f1da7321f5f94d55,0,2021-06-30 23:58:33.751,1,2021-06-30 23:58:33.751
60dd1d58cbbec8f807d79f61,60d32aa39b2c1d3c3e9839ff,60dd19c9adadf06fb6922a84,0,2021-07-01 01:41:44.129,1,2021-07-01 01:41:44.129
60dd204ecbbec8f807d7bb7b,60ac8a9bd9db22675d5e1232,60dd1d1202c9e67053c05e21,0,2021-07-01 01:54:22.624,1,2021-07-01 01:54:22.624
60dd21b4cbbec8f807d7c771,60d314f91b6d5fe571af4032,60c816dfb84b7b67b6b10b3f,0,2021-07-01 02:00:20.380,1,2021-07-01 02:00:20.380
60dd233ecbbec8f807d7d4c8,6098a809ada1c61054ab9baf,60dd1d1202c9e67053c05e21,0,2021-07-01 02:06:54.043,1,2021-07-01 02:06:54.043
60dd2457cbbec8f807d7e0bf,60d0b7dbfcf703e758692a6e,60dd1d1202c9e67053c05e21,0,2021-07-01 02:11:35.728,1,2021-07-01 02:11:35.728
60dd24d0cbbec8f807d7e5b8,60d1415b2f8db7e794c0dbec,60dd1d1202c9e67053c05e21,0,2021-07-01 02:13:36.018,1,2021-07-01 02:13:36.018
60dd2514cbbec8f807d7e84e,60d140de307be2e78cdc4fcc,60dd1d1202c9e67053c05e21,0,2021-07-01 02:14:44.754,1,2021-07-01 02:14:44.754
60dd253ccbbec8f807d7ea59,60d04ee5c20f0de793a7d140,60dd1d1202c9e67053c05e21,0,2021-07-01 02:15:24.026,1,2021-07-01 02:15:24.026
60dd2835cbbec8f807d803e1,60d15cbeed8ee5e74ad6b95c,609a5468f1da7321f5f94d55,0,2021-07-01 02:28:05.267,1,2021-07-01 02:28:05.267
60dd2862cbbec8f807d80590,60d935cea91f2bdf1d576145,609a5468f1da7321f5f94d55,0,2021-07-01 02:28:50.276,1,2021-07-01 02:28:50.276
60dd2939cbbec8f807d80cec,6098b693946da8130d466d51,60c816dfb84b7b67b6b10b3f,0,2021-07-01 02:32:25.519,1,2021-07-01 02:32:25.519
60dd3cd1cbbec8f807d8a786,60da8b11b3a1e26fd4a710ea,60dd3bb69db2961d1c6b5dd3,0,2021-07-01 03:56:01.325,1,2021-07-01 03:56:01.325
60dd528ecbbec8f807d94229,609949444c30c0100b1185de,60dd3b62387fdc1d453acc48,0,2021-07-01 05:28:46.696,1,2021-07-01 05:28:46.696
60dd5cebcbbec8f807d99064,60d1cb612547e4e7a441396f,609a5468f1da7321f5f94d55,0,2021-07-01 06:12:59.501,1,2021-07-01 06:12:59.501
60dda3b9cbbec8f807db8a64,60d92f639b2c1d3c3e9b133f,60dc7828f8eb5b7033e038e5,0,2021-07-01 11:15:05.416,1,2021-07-01 11:15:05.416
60dda573cbbec8f807db9950,609c8aa777dc942215bd9ab9,60dda450c94f556d4d2b495c,0,2021-07-01 11:22:27.381,1,2021-07-01 11:22:27.381
60dda68ecbbec8f807dba369,609c8aa777dc942215bd9ab9,60dc7828f8eb5b7033e038e5,0,2021-07-01 11:27:10.974,1,2021-07-01 11:27:10.974
60ddd92bcbbec8f807dd1341,60d935cea91f2bdf1d576145,609c92c32addc520e61d2f28,0,2021-07-01 15:03:07.663,1,2021-07-01 15:03:07.663
60de6835cbbec8f807e066c3,60da8a9ff8eb5b7033e02d22,6095728f83c32a0468b97de0,0,2021-07-02 01:13:25.096,1,2021-07-02 01:13:25.096
60de7364cbbec8f807e0b7cc,60d67a7e991c55e7a536aa67,60d68de5147675465092b0ae,0,2021-07-02 02:01:08.172,1,2021-07-02 02:01:08.172
60de7810cbbec8f807e0dfa7,60d0ac9793656ce7950b2a50,6098d6f5a6240712fd2b8ae2,0,2021-07-02 02:21:04.658,1,2021-07-02 02:21:04.658
60de8ac2cbbec8f807e1ab10,60d68da292aeee0ae8228302,60de893de64c626d7de57d9b,0,2021-07-02 03:40:50.151,1,2021-07-02 03:40:50.151
60dec416cbbec8f807e42c8d,60d3f93e25b129c79030cf5c,60d68de5147675465092b0ae,0,2021-07-02 07:45:26.286,1,2021-07-02 07:45:26.286
60dffacbcbbec8f807ed836f,60d68da292aeee0ae8228302,60dea2750bdbaf7013716854,0,2021-07-03 05:51:07.538,1,2021-07-03 05:51:07.538
60e00f9bcbbec8f807ee7874,60ac8a9bd9db22675d5e1232,60e00f023bcc2f6f930d9013,0,2021-07-03 07:19:55.020,1,2021-07-03 07:19:55.020
60e01430cbbec8f807ee9e72,60d04f1a3f8e8ee371d0baf5,60e00f023bcc2f6f930d9013,0,2021-07-03 07:39:28.857,1,2021-07-03 07:39:28.857
60e01ad0cbbec8f807eeda8b,60d67dcb3d549f33ea094c56,6098d8a0a33c5c13108d8ee0,0,2021-07-03 08:07:44.279,1,2021-07-03 08:07:44.279
60e01af9cbbec8f807eedbcd,609954c0beba601077600414,6098d8a0a33c5c13108d8ee0,0,2021-07-03 08:08:25.356,1,2021-07-03 08:08:25.356
60e01f4fcbbec8f807ef0026,60cee1f47504f5e57f68afef,6098d8a0a33c5c13108d8ee0,0,2021-07-03 08:26:55.338,1,2021-07-03 08:26:55.338
60e020e9cbbec8f807ef0e35,609cce6722aa5420dbc78ff3,6098d8a0a33c5c13108d8ee0,0,2021-07-03 08:33:45.545,1,2021-07-03 08:33:45.545
60e0240dcbbec8f807ef2a64,60d4016b2ea1d9d6ab30abdb,6098d8a0a33c5c13108d8ee0,0,2021-07-03 08:47:09.957,1,2021-07-03 08:47:09.957
60e02444cbbec8f807ef2c0f,60d15cbeed8ee5e74ad6b95c,6098d8a0a33c5c13108d8ee0,0,2021-07-03 08:48:04.574,1,2021-07-03 08:48:04.574
60e02462cbbec8f807ef2cfb,6098dbfde556581039222c99,6098d8a0a33c5c13108d8ee0,0,2021-07-03 08:48:34.559,1,2021-07-03 08:48:34.559
60e035c5cbbec8f807f40031,60d04f1a3f8e8ee371d0baf5,6098d8a0a33c5c13108d8ee0,0,2021-07-03 10:02:45.251,1,2021-07-03 10:02:45.251
60e05701cbbec8f807016151,60da8a9ff8eb5b7033e02d22,60e01ec495fad21d2b177874,0,2021-07-03 12:24:33.850,1,2021-07-03 12:24:33.850
60e05a29cbbec8f807017839,60d01e0e86997de78c67ed99,60e00f023bcc2f6f930d9013,0,2021-07-03 12:38:01.182,1,2021-07-03 12:38:01.182
60e06aa8cbbec8f80701f210,60da8a9ff8eb5b7033e02d22,60e067e87c197c7027f2740d,0,2021-07-03 13:48:24.288,1,2021-07-03 13:48:24.288
60e06b61cbbec8f80701f8dc,60d698039050a70b0bad14fc,60e067e87c197c7027f2740d,0,2021-07-03 13:51:29.892,1,2021-07-03 13:51:29.892
60e06be4cbbec8f80701fdd6,6098b693946da8130d466d51,60e067e87c197c7027f2740d,0,2021-07-03 13:53:40.094,1,2021-07-03 13:53:40.094
60e06c2acbbec8f807020040,60d68da292aeee0ae8228302,60e067e87c197c7027f2740d,0,2021-07-03 13:54:50.155,1,2021-07-03 13:54:50.155
60e06c69cbbec8f8070203a5,60d696ca10b48724ac26bfc9,60e067e87c197c7027f2740d,0,2021-07-03 13:55:53.315,1,2021-07-03 13:55:53.315
60e06ca2cbbec8f807020592,60d935cea91f2bdf1d576145,60e067e87c197c7027f2740d,0,2021-07-03 13:56:50.845,1,2021-07-03 13:56:50.845
60e077c4cbbec8f8070263b9,60d04ee5c20f0de793a7d140,60ab63a63bef09b497396cfd,0,2021-07-03 14:44:20.078,1,2021-07-03 14:44:20.078
60e0934ecbbec8f80703501b,609cccab1b20a621f761ae2e,6095728f83c32a0468b97de0,0,2021-07-03 16:41:50.602,1,2021-07-03 16:41:50.602
60e109fecbbec8f807061c28,60d01e0e86997de78c67ed99,60e1096ab3a1e26fd4a7186a,0,2021-07-04 01:08:14.297,1,2021-07-04 01:08:14.297
60e1184acbbec8f80706841c,60d0b066a8b9a4e76c7cb344,609a5468f1da7321f5f94d55,0,2021-07-04 02:09:14.492,1,2021-07-04 02:09:14.492
60e1273dcbbec8f807070c7f,60d0ad82c20f0de793a804e6,60e00f023bcc2f6f930d9013,0,2021-07-04 03:13:01.199,1,2021-07-04 03:13:01.199
60e130facbbec8f80707605d,60d467dd3d549f33ea084a67,60e00f023bcc2f6f930d9013,0,2021-07-04 03:54:34.525,1,2021-07-04 03:54:34.525
60e13141cbbec8f8070763a8,60d5a2d4a91f2bdf1d55dd04,60e00f023bcc2f6f930d9013,0,2021-07-04 03:55:45.218,1,2021-07-04 03:55:45.218
60e1354fcbbec8f8070785ee,609d08255436ed23b6c89ce4,609a8bda0da1ae20f6d4535b,0,2021-07-04 04:13:03.075,1,2021-07-04 04:13:03.075
60e150b8cbbec8f807084a63,60d55599e66a9ee5ab4298d3,6095728f83c32a0468b97de0,0,2021-07-04 06:10:00.974,1,2021-07-04 06:10:00.974
60e1b34fcbbec8f8070e2ed0,60d69024e9fd8e0ac5cdc084,60e1b178c94f556d4d2b4f61,0,2021-07-04 13:10:39.103,1,2021-07-04 13:10:39.103
60e1c87dcbbec8f8070eb938,60d01e0e86997de78c67ed99,60e1c7dbf4da837019f1ed88,0,2021-07-04 14:41:01.404,1,2021-07-04 14:41:01.404
60e263f5cbbec8f807127ca2,60d162b693656ce7950bd390,609a5468f1da7321f5f94d55,0,2021-07-05 01:44:21.819,1,2021-07-05 01:44:21.819
60e26427cbbec8f807127e56,60d0ad82c20f0de793a804e6,609a5468f1da7321f5f94d55,0,2021-07-05 01:45:11.932,1,2021-07-05 01:45:11.932
60e26654cbbec8f807128f40,60d6f0f2e66a9ee5ab438856,60d68de5147675465092b0ae,0,2021-07-05 01:54:28.161,1,2021-07-05 01:54:28.161
60e27198cbbec8f80712f273,60ac829197a82a6364e3eb17,60e26edc6d3ba31d5f960922,0,2021-07-05 02:42:32.763,1,2021-07-05 02:42:32.763
60e27364cbbec8f8071301bd,60cc8d58a6b0f0e3790a0b56,6095728f83c32a0468b97de0,0,2021-07-05 02:50:12.581,1,2021-07-05 02:50:12.581
60e275f9cbbec8f807131c62,60da8a9ff8eb5b7033e02d22,60e274cc8f92026fc05f9bc8,0,2021-07-05 03:01:13.929,1,2021-07-05 03:01:13.929
60e2765acbbec8f807132180,60d69a843ddad08ba4e89426,609cd1010cc1f1211953101c,0,2021-07-05 03:02:50.069,1,2021-07-05 03:02:50.069
60e27758cbbec8f807132ab4,609954c0beba601077600414,609cd1010cc1f1211953101c,0,2021-07-05 03:07:04.550,1,2021-07-05 03:07:04.550
60e277e1cbbec8f807132efd,60da8b11b3a1e26fd4a710ea,60ab63a63bef09b497396cfd,0,2021-07-05 03:09:21.833,1,2021-07-05 03:09:21.833
60e27851cbbec8f8071333dc,60cee1f47504f5e57f68afef,60ab63a63bef09b497396cfd,0,2021-07-05 03:11:13.084,1,2021-07-05 03:11:13.084
60e27abdcbbec8f807134d02,60acc764d22dc56594f8dc4f,60e26edc6d3ba31d5f960922,0,2021-07-05 03:21:33.893,1,2021-07-05 03:21:33.893
60e27bd3cbbec8f807135833,60af4fef1023ca636230d10b,60e00f023bcc2f6f930d9013,0,2021-07-05 03:26:11.827,1,2021-07-05 03:26:11.827
60e27fa6cbbec8f807138038,60d04ee5c20f0de793a7d140,60e26edc6d3ba31d5f960922,0,2021-07-05 03:42:30.096,1,2021-07-05 03:42:30.096
60e28d6ccbbec8f8071416b7,6098bda3a3d06d13536860c4,6098d70301c156105d56a587,0,2021-07-05 04:41:16.585,1,2021-07-05 04:41:16.585
60e296c6cbbec8f807146fb9,60d6bdf8c20f0de793ab95ee,609a5468f1da7321f5f94d55,0,2021-07-05 05:21:10.445,1,2021-07-05 05:21:10.445
60e2d064cbbec8f8071695ae,60d69024e9fd8e0ac5cdc084,60e2cf70259f43e3d15873e2,0,2021-07-05 09:27:00.524,1,2021-07-05 09:27:00.524
60e3cfb8cbbec8f8071e5f23,60d6cace2f8db7e794c3d723,60e3cf1627eaa8907e21c46e,0,2021-07-06 03:36:24.489,1,2021-07-06 03:36:24.489
60e3d980cbbec8f8071ec235,60d0b7dbfcf703e758692a6e,60e00f023bcc2f6f930d9013,0,2021-07-06 04:18:08.987,1,2021-07-06 04:18:08.987
60e3f0d6cbbec8f8071f8130,609954c0beba601077600414,60e3ef833816f9e3eb2fe05a,0,2021-07-06 05:57:42.913,1,2021-07-06 05:57:42.913
60e3fea7cbbec8f8072003d5,60d52cee19f1f0265e8f3100,60e3fe42448877e17b05caf4,0,2021-07-06 06:56:39.886,1,2021-07-06 06:56:39.886
60e428b2cbbec8f807216d00,60da8a9ff8eb5b7033e02d22,609a5468f1da7321f5f94d55,0,2021-07-06 09:56:02.484,1,2021-07-06 09:56:02.484
60e43b25cbbec8f807220877,609b6e0162bf3ea603ef60b8,60e43a0dee17cc907278b79a,0,2021-07-06 11:14:45.151,1,2021-07-06 11:14:45.151
60e43b70cbbec8f807220b68,60d15cbeed8ee5e74ad6b95c,60e41ddac3cc84e14ed676c0,0,2021-07-06 11:16:00.695,1,2021-07-06 11:16:00.695
60e43c19cbbec8f8072211b2,60d52cee19f1f0265e8f3100,60e41ddac3cc84e14ed676c0,0,2021-07-06 11:18:49.683,1,2021-07-06 11:18:49.683
60e43c47cbbec8f807221349,609b678f58404120e03801d4,60e43a0dee17cc907278b79a,0,2021-07-06 11:19:35.934,1,2021-07-06 11:19:35.934
60e44112cbbec8f807223de6,609e3dab106a1dc387494cf9,60e43a0dee17cc907278b79a,0,2021-07-06 11:40:02.924,1,2021-07-06 11:40:02.924
60e496d6cbbec8f807251e1f,60a23176b298b6b4722c8f7d,60e490b536822de3080c2c60,0,2021-07-06 17:45:58.784,1,2021-07-06 17:45:58.784
60e497f5cbbec8f80725290c,60cc7f9d12cae8e759e4414e,60e490b536822de3080c2c60,0,2021-07-06 17:50:45.432,1,2021-07-06 17:50:45.432
60e4fd78cbbec8f8072840e5,6098d49e01c156105d56a586,60e46f2d6f0a48e2fd4ca9db,0,2021-07-07 01:03:52.957,1,2021-07-07 01:03:52.957
60e526c7cbbec8f80729e7d8,609949444c30c0100b1185de,60e52581bddadee3dfa53503,0,2021-07-07 04:00:07.465,1,2021-07-07 04:00:07.465
60e52ca2cbbec8f8072a1be1,60d179293d549f33ea06c37e,60e51d54259f43e3d15874bf,0,2021-07-07 04:25:06.413,1,2021-07-07 04:25:06.413
60e52f45cbbec8f8072a34d6,60da8a9ff8eb5b7033e02d22,60e51d54259f43e3d15874bf,0,2021-07-07 04:36:21.672,1,2021-07-07 04:36:21.672
60e52fd2cbbec8f8072a3a42,60af4dba5aa6826769fca496,60e51d54259f43e3d15874bf,0,2021-07-07 04:38:42.763,1,2021-07-07 04:38:42.763
60e54060cbbec8f8072acfde,60d5cc741ac9fef5a9d8d516,60e476511ff1c7e33b0fd621,0,2021-07-07 05:49:20.475,1,2021-07-07 05:49:20.475
60e5515bcbbec8f8072b7b9f,60d18ea60c4ed7e5974249f8,60e550c836822de3080c2cbf,0,2021-07-07 07:01:47.555,1,2021-07-07 07:01:47.555
60e5803ecbbec8f8072d2913,60d2f542a91f2bdf1d54d735,60dc749354623e6fa00fd316,0,2021-07-07 10:21:51.017,1,2021-07-07 10:21:51.017
60e59214cbbec8f8072dc238,60d04ee5c20f0de793a7d140,60e58a717a9291e405be5f50,0,2021-07-07 11:37:56.865,1,2021-07-07 11:37:56.865
60e5b7a2cbbec8f8072ef1a8,60d09d3f706ccbe7c08c39eb,60e1c7dbf4da837019f1ed88,0,2021-07-07 14:18:10.653,1,2021-07-07 14:18:10.653
60e5bdbfcbbec8f8072f2d46,609954c0beba601077600414,60e5ba4d3ed5a8906c8c9269,0,2021-07-07 14:44:15.384,1,2021-07-07 14:44:15.384
60e5c5cccbbec8f8072f7389,609a4f8c49865223af428b73,60e5c562ee17cc907278b84b,0,2021-07-07 15:18:36.833,1,2021-07-07 15:18:36.833
60e61017cbbec8f80731a166,60d69a843ddad08ba4e89426,60e58a717a9291e405be5f50,0,2021-07-07 20:35:35.449,1,2021-07-07 20:35:35.449
60e610b9cbbec8f80731a76f,609e3130fb46dc238dd1259b,60e58a717a9291e405be5f50,0,2021-07-07 20:38:17.772,1,2021-07-07 20:38:17.772
60e61189cbbec8f80731ae9d,609cf460f1da7321f5f9fc20,60e58a717a9291e405be5f50,0,2021-07-07 20:41:45.288,1,2021-07-07 20:41:45.288
60e612d5cbbec8f80731bbee,60d935cea91f2bdf1d576145,60e58a717a9291e405be5f50,0,2021-07-07 20:47:17.064,1,2021-07-07 20:47:17.064
60e6350dcbbec8f80732b6f7,60af4fef1023ca636230d10b,60e51d54259f43e3d15874bf,0,2021-07-07 23:13:17.716,1,2021-07-07 23:13:17.716
60e635d2cbbec8f80732be75,60d04f0ee1a608e7869c21b1,60e51d54259f43e3d15874bf,0,2021-07-07 23:16:34.682,1,2021-07-07 23:16:34.682
60e63f28cbbec8f807330f7e,609cf77fdc5f85220999b66d,60e63cc1727696e14038c300,0,2021-07-07 23:56:24.663,1,2021-07-07 23:56:24.663
60e6404acbbec8f807331b13,60d16cf56742613575f11cb9,60e63cc1727696e14038c300,0,2021-07-08 00:01:14.993,1,2021-07-08 00:01:14.993
60e64db5cbbec8f807338c5d,609b2d6262bf3ea603ef35eb,60e41ddac3cc84e14ed676c0,0,2021-07-08 00:58:29.620,1,2021-07-08 00:58:29.620
60e656dfcbbec8f80733ded0,60d68da292aeee0ae8228302,609cd1010cc1f1211953101c,0,2021-07-08 01:37:35.493,1,2021-07-08 01:37:35.493
60e658fecbbec8f80733f180,609cce6722aa5420dbc78ff3,60e658a5678e5290581bb3fb,0,2021-07-08 01:46:38.183,1,2021-07-08 01:46:38.183
60e65948cbbec8f80733f548,60d935cea91f2bdf1d576145,609cd1010cc1f1211953101c,0,2021-07-08 01:47:52.261,1,2021-07-08 01:47:52.261
60e65f68cbbec8f8073434dc,609b2d6262bf3ea603ef35eb,60e43a0dee17cc907278b79a,0,2021-07-08 02:14:00.625,1,2021-07-08 02:14:00.625
60e69ad1cbbec8f807365c42,60d52cee19f1f0265e8f3100,60e5c562ee17cc907278b84b,0,2021-07-08 06:27:29.444,1,2021-07-08 06:27:29.444
60e6a03ccbbec8f807368f10,60cdae7b1b6d5fe571acbc1e,60e69fd7259f43e3d158755c,0,2021-07-08 06:50:36.189,1,2021-07-08 06:50:36.189
60e6a7a3cbbec8f80736d561,60d1347ca6b0f0e3790b8639,60d68de5147675465092b0ae,0,2021-07-08 07:22:11.830,1,2021-07-08 07:22:11.830
60e6d175cbbec8f807382428,609d08255436ed23b6c89ce4,60e58a717a9291e405be5f50,0,2021-07-08 10:20:37.677,1,2021-07-08 10:20:37.677
60e6d269cbbec8f807382d66,609a33acb0a428210f5d0a53,60e58a717a9291e405be5f50,0,2021-07-08 10:24:41.557,1,2021-07-08 10:24:41.557
60e6d2b3cbbec8f80738312f,609954c0beba601077600414,60e58a717a9291e405be5f50,0,2021-07-08 10:25:55.328,1,2021-07-08 10:25:55.328
60e6d364cbbec8f807383815,609c8aa777dc942215bd9ab9,60e58a717a9291e405be5f50,0,2021-07-08 10:28:52.669,1,2021-07-08 10:28:52.669
60e6d4cecbbec8f80738450f,609a5b57b4292520f5a2b94e,60e58a717a9291e405be5f50,0,2021-07-08 10:34:54.510,1,2021-07-08 10:34:54.510
60e6d583cbbec8f807384c5d,60d314f91b6d5fe571af4032,60e58a717a9291e405be5f50,0,2021-07-08 10:37:55.368,1,2021-07-08 10:37:55.368
60e6d5c4cbbec8f807384e9e,609cd31477dc942215bdd914,60e58a717a9291e405be5f50,0,2021-07-08 10:39:00.847,1,2021-07-08 10:39:00.847
60e6e3bacbbec8f80738c4e8,60d5638e65b882e577d8e16d,60e6df36624e0ee1542f3b1f,0,2021-07-08 11:38:33.964,1,2021-07-08 11:38:33.964
60e6e3facbbec8f80738c6da,609cce6722aa5420dbc78ff3,60e6df36624e0ee1542f3b1f,0,2021-07-08 11:39:38.445,1,2021-07-08 11:39:38.445
60e71578cbbec8f8073a708c,609cf86f9fd21b23c34a62c6,60e7147e624e0ee1542f3b32,0,2021-07-08 15:10:48.756,1,2021-07-08 15:10:48.756
60e7b170cbbec8f8073f2afc,60ac5deffa91616568de8608,60e00f023bcc2f6f930d9013,0,2021-07-09 02:16:16.304,1,2021-07-09 02:16:16.304
60e7c8f7cbbec8f807401973,60d308f1ed8ee5e74ad786f5,60e7c7f1d0b30ce32546e7ed,0,2021-07-09 03:56:39.388,1,2021-07-09 03:56:39.388
60e7cdfccbbec8f807404fd5,60d6ca85706ccbe7c08f6977,60e7c7f1d0b30ce32546e7ed,0,2021-07-09 04:18:04.464,1,2021-07-09 04:18:04.464
60e7d0f4cbbec8f807406f51,60d6ccc01b6d5fe571b069e4,60e7c7f1d0b30ce32546e7ed,0,2021-07-09 04:30:44.550,1,2021-07-09 04:30:44.550
60e7ea8fcbbec8f807415a92,6098bda3a3d06d13536860c4,60e7e97c7d9692e32f8715b3,0,2021-07-09 06:19:59.424,1,2021-07-09 06:19:59.424
60e7f25bcbbec8f807419fbe,60d69024e9fd8e0ac5cdc084,609cd1010cc1f1211953101c,0,2021-07-09 06:53:15.783,1,2021-07-09 06:53:15.783
60e7f727cbbec8f80741ce10,6098a809ada1c61054ab9baf,60e7f61c9635c9ba07d23544,0,2021-07-09 07:13:43.550,1,2021-07-09 07:13:43.550
60e83b4fcbbec8f80744d4cb,60cee89cebdc05e39ddf03b0,60e7c7f1d0b30ce32546e7ed,0,2021-07-09 12:04:31.599,1,2021-07-09 12:04:31.599
60e89357cbbec8f8074783a8,60a48e2ea52a74b3cf448adb,60d44db5e66a9ee5ab4227e6,0,2021-07-09 18:20:07.388,1,2021-07-09 18:20:07.388
60e92b98cbbec8f8074c7c78,60d162b693656ce7950bd390,60e92b05353f5c3ef16430f7,0,2021-07-10 05:09:44.030,1,2021-07-10 05:09:44.030
60e947bfcbbec8f8074d9a3a,60a1f0744a40ebb39dad8559,60e00f023bcc2f6f930d9013,0,2021-07-10 07:09:51.954,1,2021-07-10 07:09:51.954
60e953a2cbbec8f8074e0c03,60cddf063f8e8ee371d0788d,60e01f4307a8846f92c7b7d4,0,2021-07-10 08:00:34.707,1,2021-07-10 08:00:34.707
60e96725cbbec8f8074eba7a,60d934a91b6d5fe571b0e326,60dc7828f8eb5b7033e038e5,0,2021-07-10 09:23:49.433,1,2021-07-10 09:23:49.433
60eae6b9cbbec8f8075a2578,60d6be76e9fd8e0ac5ce2830,60dc749354623e6fa00fd316,0,2021-07-11 12:40:25.748,1,2021-07-11 12:40:25.748
60eaf8f2cbbec8f8075abbd3,60d698039050a70b0bad14fc,60eaf529297eb5b5e53ce7d7,0,2021-07-11 13:58:10.974,1,2021-07-11 13:58:10.974
60eb84b3cbbec8f8075ec50a,609cce6722aa5420dbc78ff3,60eaf529297eb5b5e53ce7d7,0,2021-07-11 23:54:27.624,1,2021-07-11 23:54:27.624
60ebe57dcbbec8f80762745b,6098bda3a3d06d13536860c4,60eaf529297eb5b5e53ce7d7,0,2021-07-12 06:47:25.437,1,2021-07-12 06:47:25.437
60ebe65acbbec8f807627b9e,60d6c47493656ce7950eb8ad,60d68de5147675465092b0ae,0,2021-07-12 06:51:06.775,1,2021-07-12 06:51:06.775
60ebf37ccbbec8f80762fcf5,60ac829197a82a6364e3eb17,60e00f023bcc2f6f930d9013,0,2021-07-12 07:47:08.682,1,2021-07-12 07:47:08.682
60ec2b00cbbec8f80764d85f,60da8a9ff8eb5b7033e02d22,60ec29b99ecef8b5b98dc6b6,0,2021-07-12 11:44:00.429,1,2021-07-12 11:44:00.429
60ed03e6cbbec8f8076b6004,60d162b693656ce7950bd390,60ed022e906b3fba26b3db76,0,2021-07-13 03:09:26.445,1,2021-07-13 03:09:26.445
60ed0d8bcbbec8f8076bbfff,60ac842fad913a6579b17aba,60e00f023bcc2f6f930d9013,0,2021-07-13 03:50:35.834,1,2021-07-13 03:50:35.834
60ee2c72cbbec8f80774e5ad,6098d49e01c156105d56a586,60ee2bfe8aefb23ed0e3563a,0,2021-07-14 00:14:42.728,1,2021-07-14 00:14:42.728
60ee65c0cbbec8f80776dfdb,60d04dec307be2e78cdb41c8,60e00f023bcc2f6f930d9013,0,2021-07-14 04:19:12.779,1,2021-07-14 04:19:12.779
60eecc67cbbec8f8077a358d,609c8aa777dc942215bd9ab9,60ee2bfe8aefb23ed0e3563a,0,2021-07-14 11:37:11.210,1,2021-07-14 11:37:11.210
60eef011cbbec8f8077b4776,60d0339c3f8e8ee371d098d0,60e1096ab3a1e26fd4a7186a,0,2021-07-14 14:09:21.124,1,2021-07-14 14:09:21.124
60eef653cbbec8f8077b877d,60d0af39e66a9ee5ab401876,60e1096ab3a1e26fd4a7186a,0,2021-07-14 14:36:03.838,1,2021-07-14 14:36:03.838
60ef7f24cbbec8f8077f811d,60d0ac9793656ce7950b2a50,60ef7e6b2bf60cb8a69eaf52,0,2021-07-15 00:19:48.325,1,2021-07-15 00:19:48.325
60ef8073cbbec8f8077f8d87,60d68da292aeee0ae8228302,60ef7e6b2bf60cb8a69eaf52,0,2021-07-15 00:25:23.760,1,2021-07-15 00:25:23.760
60ef9523cbbec8f807803948,60d41aa3e66a9ee5ab4216bc,60d68de5147675465092b0ae,0,2021-07-15 01:53:39.583,1,2021-07-15 01:53:39.583
60efa5a0cbbec8f80780cbb8,60d04ee5c20f0de793a7d140,60ef7e6b2bf60cb8a69eaf52,0,2021-07-15 03:04:00.261,1,2021-07-15 03:04:00.261
60efac41cbbec8f807810bfd,60d1a6fae1a608e7869cd91a,60efa91db76ec13eea59507a,0,2021-07-15 03:32:17.206,1,2021-07-15 03:32:17.206
60efbff1cbbec8f80781bfda,60ac87e429035e6588909c9c,60e00f023bcc2f6f930d9013,0,2021-07-15 04:56:17.368,1,2021-07-15 04:56:17.368
60efc31bcbbec8f80781e0eb,60cc2b132f8db7e794bfb1eb,60e00f023bcc2f6f930d9013,0,2021-07-15 05:09:47.648,1,2021-07-15 05:09:47.648
60eff760cbbec8f807837771,60d04ee5c20f0de793a7d140,60d44db5e66a9ee5ab4227e6,0,2021-07-15 08:52:48.011,1,2021-07-15 08:52:48.011
60f019c3cbbec8f80784b2f4,60cee1f47504f5e57f68afef,60d44db5e66a9ee5ab4227e6,0,2021-07-15 11:19:31.295,1,2021-07-15 11:19:31.295
60f01b2fcbbec8f80784bfcc,60da8b11b3a1e26fd4a710ea,60d44db5e66a9ee5ab4227e6,0,2021-07-15 11:25:35.044,1,2021-07-15 11:25:35.044
60f01b41cbbec8f80784c0af,60da8a9ff8eb5b7033e02d22,60d44db5e66a9ee5ab4227e6,0,2021-07-15 11:25:53.200,1,2021-07-15 11:25:53.200
60f0ef29cbbec8f8078b0825,60d6d7e3d06a4a20fac6c45d,60f0d7416ad88b3eb0dfc093,0,2021-07-16 02:30:01.814,1,2021-07-16 02:30:01.814
60f0ef6ccbbec8f8078b0b79,609b2d6262bf3ea603ef35eb,60f0d7416ad88b3eb0dfc093,0,2021-07-16 02:31:08.627,1,2021-07-16 02:31:08.627
60f10e58cbbec8f8078c2a62,60d69a843ddad08ba4e89426,60f10dc6250ecdba3b999ef7,0,2021-07-16 04:43:04.408,1,2021-07-16 04:43:04.408
60f10ef8cbbec8f8078c3151,609cce6722aa5420dbc78ff3,60f10dc6250ecdba3b999ef7,0,2021-07-16 04:45:44.687,1,2021-07-16 04:45:44.687
60f13554cbbec8f8078d7ab1,609949444c30c0100b1185de,60f134d50f477cb5ea0b9bfa,0,2021-07-16 07:29:24.141,1,2021-07-16 07:29:24.141
60f13888cbbec8f8078d9bef,60d6be76e9fd8e0ac5ce2830,60f134d50f477cb5ea0b9bfa,0,2021-07-16 07:43:04.508,1,2021-07-16 07:43:04.508
60f13ae3cbbec8f8078db1e0,60d6d7e3d06a4a20fac6c45d,60f134d50f477cb5ea0b9bfa,0,2021-07-16 07:53:07.135,1,2021-07-16 07:53:07.135
60f4b985cbbec8f807a845ec,60d68da292aeee0ae8228302,60f4b72b2bf60cb8a69eb033,0,2021-07-18 23:30:13.622,1,2021-07-18 23:30:13.622
60f4d706cbbec8f807a924c0,60d423c7991c55e7a535fe16,60d68de5147675465092b0ae,0,2021-07-19 01:36:06.680,1,2021-07-19 01:36:06.680
60f4dbb1cbbec8f807a95220,60a2129e4a40ebb39dad8565,60e3b3231ff1c7e33b0fd5bb,0,2021-07-19 01:56:01.777,1,2021-07-19 01:56:01.777
60f53785cbbec8f807ac798b,60d04b041b6d5fe571ad6221,6098d8a0a33c5c13108d8ee0,0,2021-07-19 08:27:49.654,1,2021-07-19 08:27:49.654
60f5379bcbbec8f807ac7a4c,60d15e305e45bae75062ef6e,60f134d50f477cb5ea0b9bfa,0,2021-07-19 08:28:11.886,1,2021-07-19 08:28:11.886
60f53d35cbbec8f807acaf27,60cee1f47504f5e57f68afef,60f134d50f477cb5ea0b9bfa,0,2021-07-19 08:52:05.998,1,2021-07-19 08:52:05.998
60f58c7ccbbec8f807af185c,60d04ee5c20f0de793a7d140,6095728f83c32a0468b97de0,0,2021-07-19 14:30:20.092,1,2021-07-19 14:30:20.092
60f59173cbbec8f807af419d,60d2f542a91f2bdf1d54d735,60f59099906b3fba26b3dd80,0,2021-07-19 14:51:31.153,1,2021-07-19 14:51:31.153
60f59760cbbec8f807af759e,60cc8d58a6b0f0e3790a0b56,60f59099906b3fba26b3dd80,0,2021-07-19 15:16:48.546,1,2021-07-19 15:16:48.546
60f644d3cbbec8f807b49c57,60da8a9ff8eb5b7033e02d22,60f643366ad88b3eb0dfc185,0,2021-07-20 03:36:51.773,1,2021-07-20 03:36:51.773
60f65d57cbbec8f807b57a1c,60cdae7b1b6d5fe571acbc1e,60f643366ad88b3eb0dfc185,0,2021-07-20 05:21:27.087,1,2021-07-20 05:21:27.087
60f78c73cbbec8f807bea336,60d15cbeed8ee5e74ad6b95c,60f643366ad88b3eb0dfc185,0,2021-07-21 02:54:43.903,1,2021-07-21 02:54:43.903
60f8ef45cbbec8f807c95b60,60d0520b93656ce7950ad57a,60f8ee436dbec8b87c09f94d,0,2021-07-22 04:08:37.422,1,2021-07-22 04:08:37.422
60f8f8b2cbbec8f807c9b46d,60d04b041b6d5fe571ad6221,60f8ee436dbec8b87c09f94d,0,2021-07-22 04:48:50.785,1,2021-07-22 04:48:50.785
60f927f3cbbec8f807cb541d,60d04ef486997de78c67fba7,60f8ee436dbec8b87c09f94d,0,2021-07-22 08:10:27.969,1,2021-07-22 08:10:27.969
60f92f6bcbbec8f807cb9dde,60d04ee5c20f0de793a7d140,60f8ee436dbec8b87c09f94d,0,2021-07-22 08:42:19.370,1,2021-07-22 08:42:19.370
60f93331cbbec8f807cbc12a,60d04ee5c20f0de793a7d140,60f931aee9f8b0b5b1c80593,0,2021-07-22 08:58:25.902,1,2021-07-22 08:58:25.902
60f94286cbbec8f807cc33d9,60cc8d58a6b0f0e3790a0b56,60f9417c2bf60cb8a69eb15a,0,2021-07-22 10:03:50.921,1,2021-07-22 10:03:50.921
60f94d05cbbec8f807cc836e,60d04b041b6d5fe571ad6221,60f94c7e7b3f8fb5ab0ba334,0,2021-07-22 10:48:37.874,1,2021-07-22 10:48:37.874
60f94d7ecbbec8f807cc8849,60d0520b93656ce7950ad57a,60f94c7e7b3f8fb5ab0ba334,0,2021-07-22 10:50:38.631,1,2021-07-22 10:50:38.631
60f94e1ccbbec8f807cc8e4d,60d558321547b79c033b3637,60f94c7e7b3f8fb5ab0ba334,0,2021-07-22 10:53:16.311,1,2021-07-22 10:53:16.311
60f961bdcbbec8f807cd24d2,60d68da292aeee0ae8228302,60f960a96dbec8b87c09f992,0,2021-07-22 12:17:01.369,1,2021-07-22 12:17:01.369
60f961f2cbbec8f807cd2720,60d69024e9fd8e0ac5cdc084,60f960a96dbec8b87c09f992,0,2021-07-22 12:17:54.215,1,2021-07-22 12:17:54.215
60f9684fcbbec8f807cd58bc,60d15cbeed8ee5e74ad6b95c,60f931aee9f8b0b5b1c80593,0,2021-07-22 12:45:03.484,1,2021-07-22 12:45:03.484
60fa1808cbbec8f807d2611c,609cc8582addc520e61d4190,60fa0caf4d8f8fb85c964a25,0,2021-07-23 01:14:48.969,1,2021-07-23 01:14:48.969
60fa6e05cbbec8f807d53bc2,609b6e0162bf3ea603ef60b8,60f7df497b87ae3ebe6bad2f,0,2021-07-23 07:21:41.286,1,2021-07-23 07:21:41.286
60faa8e8cbbec8f807d72ca8,60d93176206f6ae5806fd0b0,60faa6594d8f8fb85c964a6a,0,2021-07-23 11:32:56.745,1,2021-07-23 11:32:56.745
60fd83a6cbbec8f807ec7715,60da8b11b3a1e26fd4a710ea,60fd820f80ce123ec0201268,0,2021-07-25 15:30:46.493,1,2021-07-25 15:30:46.493
60fe1168cbbec8f807f07e92,60d4316ac20f0de793a9cfe5,60d68de5147675465092b0ae,0,2021-07-26 01:35:36.070,1,2021-07-26 01:35:36.070
60fe6b6ccbbec8f807f38b5c,609ccc3c548b71237e9e7a67,60f7df497b87ae3ebe6bad2f,0,2021-07-26 07:59:40.581,1,2021-07-26 07:59:40.581
61011674cbbec8f8070811df,60da8a9ff8eb5b7033e02d22,6098d8a0a33c5c13108d8ee0,0,2021-07-28 08:33:56.260,1,2021-07-28 08:33:56.260
61027828cbbec8f807128c04,60d2b103e66a9ee5ab4153d3,610276ff250ecdba3b99a175,0,2021-07-29 09:43:04.968,1,2021-07-29 09:43:04.968
610278a1cbbec8f807129042,60d5638e65b882e577d8e16d,610276ff250ecdba3b99a175,0,2021-07-29 09:45:05.229,1,2021-07-29 09:45:05.229
610278ffcbbec8f80712948f,6098a809ada1c61054ab9baf,610276ff250ecdba3b99a175,0,2021-07-29 09:46:39.254,1,2021-07-29 09:46:39.254
61027919cbbec8f807129746,60da8b11b3a1e26fd4a710ea,610276ff250ecdba3b99a175,0,2021-07-29 09:47:05.941,1,2021-07-29 09:47:05.941
610368d2cbbec8f80719a833,60d440eb5e90a9f5912f181f,60d68de5147675465092b0ae,0,2021-07-30 02:49:54.821,1,2021-07-30 02:49:54.821
61060dabcbbec8f8072d6a0f,60d0f5269ee625e363f1c7f9,609a5468f1da7321f5f94d55,0,2021-08-01 02:57:47.320,1,2021-08-01 02:57:47.320
6108f803cbbec8f80743d4ee,609a4f8c49865223af428b73,60e43a0dee17cc907278b79a,0,2021-08-03 08:02:11.648,1,2021-08-03 08:02:11.648
6108fa88cbbec8f80743eb3f,6099ebb90da1ae20f6d45311,6108f9ae80ce123ec02013b8,0,2021-08-03 08:12:56.573,1,2021-08-03 08:12:56.573
610901ffcbbec8f807442ddf,60d04f2b2547e4e7a43fd78e,60f134d50f477cb5ea0b9bfa,0,2021-08-03 08:44:47.120,1,2021-08-03 08:44:47.120
610a3fdccbbec8f8074d8d83,60ac842fad913a6579b17aba,610225460f477cb5ea0b9e79,0,2021-08-04 07:21:00.237,1,2021-08-04 07:21:00.237
610a5484cbbec8f8074e4be0,60d6f3599050a70b0bad842c,60d68de5147675465092b0ae,0,2021-08-04 08:49:08.256,1,2021-08-04 08:49:08.256
610cb415cbbec8f80760c537,60d698039050a70b0bad14fc,60d44db5e66a9ee5ab4227e6,0,2021-08-06 04:01:25.053,1,2021-08-06 04:01:25.053
610cb458cbbec8f80760c997,609a33acb0a428210f5d0a53,60d44db5e66a9ee5ab4227e6,0,2021-08-06 04:02:32.787,1,2021-08-06 04:02:32.787
610cb4e5cbbec8f80760ce91,60d67dcb3d549f33ea094c56,60d44db5e66a9ee5ab4227e6,0,2021-08-06 04:04:53.623,1,2021-08-06 04:04:53.623
610cb513cbbec8f80760d1a8,60d3fa39b351c3ce984503ec,60d44db5e66a9ee5ab4227e6,0,2021-08-06 04:05:39.032,1,2021-08-06 04:05:39.032
610cb655cbbec8f80760de4d,609b53d10cc1f1211952d936,60f7df497b87ae3ebe6bad2f,0,2021-08-06 04:11:01.264,1,2021-08-06 04:11:01.264
610ec1decbbec8f80770b430,60da8b11b3a1e26fd4a710ea,6095728f83c32a0468b97de0,0,2021-08-07 17:24:46.087,1,2021-08-07 17:24:46.087
610f6ca5cbbec8f80775856f,609ccd9849865223af438892,60f534b93f23edba1906cd20,0,2021-08-08 05:33:25.574,1,2021-08-08 05:33:25.574
610f89a2cbbec8f807765e3d,60d04ee5c20f0de793a7d140,610f893d7b3f8fb5ab0ba5c1,0,2021-08-08 07:37:06.871,1,2021-08-08 07:37:06.871
61107849cbbec8f8077d38f8,60d6cae892aeee0ae822d166,60d68de5147675465092b0ae,0,2021-08-09 00:35:21.628,1,2021-08-09 00:35:21.628
6110a07fcbbec8f8077e9a91,60d0f73093656ce7950b8f1b,60d68de5147675465092b0ae,0,2021-08-09 03:26:55.067,1,2021-08-09 03:26:55.067
6110c678cbbec8f8077fd854,60d29ebc9ee625e363f2727d,6110c5789635c9ba07d23cc7,0,2021-08-09 06:08:56.116,1,2021-08-09 06:08:56.116
6110c798cbbec8f8077fe5f9,60d144f8a6b0f0e3790b94fc,6110c5789635c9ba07d23cc7,0,2021-08-09 06:13:44.648,1,2021-08-09 06:13:44.648
6110c7fdcbbec8f8077fea9e,609e41d90cc1f121195392d5,6110c5789635c9ba07d23cc7,0,2021-08-09 06:15:25.626,1,2021-08-09 06:15:25.626
6110e538cbbec8f80780ffca,609a4f8c49865223af428b73,60f7df497b87ae3ebe6bad2f,0,2021-08-09 08:20:08.346,1,2021-08-09 08:20:08.346
6111388ecbbec8f807837fb1,60d2f542a91f2bdf1d54d735,611135cf8aefb23ed0e35b33,0,2021-08-09 14:15:42.068,1,2021-08-09 14:15:42.068
611138b9cbbec8f807838123,60d15cae9b2c1d3c3e9727c7,611135cf8aefb23ed0e35b33,0,2021-08-09 14:16:25.597,1,2021-08-09 14:16:25.597
6112747fcbbec8f807b2b055,609cc8582addc520e61d4190,61127088353f5c3ef1644036,0,2021-08-10 12:43:43.210,1,2021-08-10 12:43:43.210
61133f3fcbbec8f807b8b8e3,60d6bdf8c20f0de793ab95ee,610f893d7b3f8fb5ab0ba5c1,0,2021-08-11 03:08:47.493,1,2021-08-11 03:08:47.493
61136b8acbbec8f807ba2af0,60d6cf3293656ce7950ec1a9,60d68de5147675465092b0ae,0,2021-08-11 06:17:46.601,1,2021-08-11 06:17:46.601
61138a60cbbec8f807bb4c73,60d1415b2f8db7e794c0dbec,610225460f477cb5ea0b9e79,0,2021-08-11 08:29:20.327,1,2021-08-11 08:29:20.327
61138a91cbbec8f807bb4e81,60d0b7dbfcf703e758692a6e,610225460f477cb5ea0b9e79,0,2021-08-11 08:30:09.157,1,2021-08-11 08:30:09.157
6113dda2cbbec8f807bdc755,609b53d10cc1f1211952d936,610a51d48bf60fb86aefa772,0,2021-08-11 14:24:34.482,1,2021-08-11 14:24:34.482
6113e0c0cbbec8f807bde51c,609b53d10cc1f1211952d936,6113de98b76ec13eea59618d,0,2021-08-11 14:37:52.782,1,2021-08-11 14:37:52.782
6114a0c3cbbec8f807c3b524,60d6be76e9fd8e0ac5ce2830,610f893d7b3f8fb5ab0ba5c1,0,2021-08-12 04:17:07.060,1,2021-08-12 04:17:07.060
6114d0d8cbbec8f807c55321,609ccf8824353d239ecf070f,6113de98b76ec13eea59618d,0,2021-08-12 07:42:16.630,1,2021-08-12 07:42:16.630
6114dc1ccbbec8f807c5b74b,60d6cd2465b882e577d9f85e,60d68de5147675465092b0ae,0,2021-08-12 08:30:20.930,1,2021-08-12 08:30:20.930
6116620ccbbec8f807d7c958,60d69a843ddad08ba4e89426,611660eb6dbec8b87c0a15b8,0,2021-08-13 12:14:04.548,1,2021-08-13 12:14:04.548
611666a6cbbec8f807d7f109,609e1793548b71237e9eb00e,6116629f612af5b892d7c917,0,2021-08-13 12:33:42.832,1,2021-08-13 12:33:42.832
6116685ccbbec8f807d7ff9d,609cce6722aa5420dbc78ff3,6116629f612af5b892d7c917,0,2021-08-13 12:41:00.168,1,2021-08-13 12:41:00.168
61171576cbbec8f807dd0e83,60d935cea91f2bdf1d576145,611713f4353f5c3ef164414b,0,2021-08-14 00:59:34.116,1,2021-08-14 00:59:34.116
61171877cbbec8f807dd28f7,6098b693946da8130d466d51,611713f4353f5c3ef164414b,0,2021-08-14 01:12:23.644,1,2021-08-14 01:12:23.644
61175532cbbec8f807defa0f,609cce6722aa5420dbc78ff3,611713f4353f5c3ef164414b,0,2021-08-14 05:31:30.564,1,2021-08-14 05:31:30.564
61177429cbbec8f807dff043,6098d49e01c156105d56a586,6117738a353f5c3ef1644151,0,2021-08-14 07:43:37.254,1,2021-08-14 07:43:37.254
61177ab4cbbec8f807e02537,609b678f58404120e03801d4,61177710f729fbb9f916d892,0,2021-08-14 08:11:32.042,1,2021-08-14 08:11:32.042
611794e4cbbec8f807e104b0,60da8b11b3a1e26fd4a710ea,611794007b87ae3ebe6bc1c7,0,2021-08-14 10:03:16.155,1,2021-08-14 10:03:16.155
61191259cbbec8f807ec41ec,60d68da292aeee0ae8228302,611911ea4d8f8fb85c965df6,0,2021-08-15 13:10:49.844,1,2021-08-15 13:10:49.844
6119fc2ecbbec8f807f32b95,60d6f524e1a608e7869ffc22,60d68de5147675465092b0ae,0,2021-08-16 05:48:30.406,1,2021-08-16 05:48:30.406
611b35b2cbbec8f807fd8373,60d3e3e6d4145ac09af2fa4f,611b32681b55ab806267abe8,0,2021-08-17 04:06:10.371,1,2021-08-17 04:06:10.371
611b62f0cbbec8f807fee8f1,60d6f8101b6d5fe571b0c0a7,60d68de5147675465092b0ae,0,2021-08-17 07:19:12.584,1,2021-08-17 07:19:12.584
611c6adccbbec8f80706e73e,60d462a6206f6ae5806ddf68,60d68de5147675465092b0ae,0,2021-08-18 02:05:16.071,1,2021-08-18 02:05:16.071
611c8508cbbec8f80707de3a,60d5638e65b882e577d8e16d,6117479a8aefb23ed0e35cbf,0,2021-08-18 03:56:56.717,1,2021-08-18 03:56:56.717
611cb07fcbbec8f8070939cb,60d6fa479050a70b0bad8bd7,60d68de5147675465092b0ae,0,2021-08-18 07:02:23.196,1,2021-08-18 07:02:23.196
611cb847cbbec8f807097e83,60d45d03d06a4a20fac51cea,60d68de5147675465092b0ae,0,2021-08-18 07:35:35.841,1,2021-08-18 07:35:35.841
611d1247cbbec8f8070c126c,60d6dfdee1a608e7869fd7f2,610f893d7b3f8fb5ab0ba5c1,0,2021-08-18 13:59:35.967,1,2021-08-18 13:59:35.967
611df07ecbbec8f807117e6d,60d6fc1a43d7310abe8b68d0,60d68de5147675465092b0ae,0,2021-08-19 05:47:42.614,1,2021-08-19 05:47:42.614
611f41b3cbbec8f80718904f,60d82438206f6ae5806fc7c5,60d68de5147675465092b0ae,0,2021-08-20 05:46:27.990,1,2021-08-20 05:46:27.990
61204eb3cbbec8f8071e2a62,60d5638e65b882e577d8e16d,61204d9f353f5c3ef16442a6,0,2021-08-21 00:54:11.917,1,2021-08-21 00:54:11.917
6121de5acbbec8f80726734b,60d55599e66a9ee5ab4298d3,60d44db5e66a9ee5ab4227e6,0,2021-08-22 05:19:22.039,1,2021-08-22 05:19:22.039
6121fbe4cbbec8f80727142a,60d140de307be2e78cdc4fcc,610f893d7b3f8fb5ab0ba5c1,0,2021-08-22 07:25:24.827,1,2021-08-22 07:25:24.827
6122f664cbbec8f8072c3a54,60d46cb4dc43931bbc62623b,60d68de5147675465092b0ae,0,2021-08-23 01:14:12.243,1,2021-08-23 01:14:12.243
612356b7cbbec8f8072e69e3,60d696ca10b48724ac26bfc9,6123564c265538b85d6ac088,0,2021-08-23 08:05:11.000,1,2021-08-23 08:05:11.000
61235bb4cbbec8f8072e89a7,6098dbfde556581039222c99,6123564c265538b85d6ac088,0,2021-08-23 08:26:28.670,1,2021-08-23 08:26:28.670
61238161cbbec8f8072f546b,609cce6722aa5420dbc78ff3,60d44db5e66a9ee5ab4227e6,0,2021-08-23 11:07:13.845,1,2021-08-23 11:07:13.845
6124875ecbbec8f80734781e,609a5b57b4292520f5a2b94e,60a23b75371c4eb4837060e8,0,2021-08-24 05:45:02.539,1,2021-08-24 05:45:02.539
612494a0cbbec8f80734bc7c,60d8257265b882e577da591d,60d68de5147675465092b0ae,0,2021-08-24 06:41:36.293,1,2021-08-24 06:41:36.293
6124beb9cbbec8f80735ab55,60cee4cea6b0f0e3790a4e56,60f134d50f477cb5ea0b9bfa,0,2021-08-24 09:41:13.242,1,2021-08-24 09:41:13.242
6124c19acbbec8f80735bc1f,609a4f8c49865223af428b73,610a51d48bf60fb86aefa772,0,2021-08-24 09:53:30.876,1,2021-08-24 09:53:30.876
61260e3ecbbec8f8073c46d4,60d6bdf8c20f0de793ab95ee,61260ca66d776c4492b1d26e,0,2021-08-25 09:32:46.950,1,2021-08-25 09:32:46.950
61261e63cbbec8f8073c9a09,60d6be76e9fd8e0ac5ce2830,61260ca66d776c4492b1d26e,0,2021-08-25 10:41:39.673,1,2021-08-25 10:41:39.673
61262136cbbec8f8073cac69,60d314f91b6d5fe571af4032,61260ca66d776c4492b1d26e,0,2021-08-25 10:53:42.736,1,2021-08-25 10:53:42.736
6126ef22cbbec8f807405641,60d8276010b48724ac27656b,60d68de5147675465092b0ae,0,2021-08-26 01:32:18.154,1,2021-08-26 01:32:18.154
6126f98ccbbec8f8074099e3,60d04ef486997de78c67fba7,610f893d7b3f8fb5ab0ba5c1,0,2021-08-26 02:16:44.409,1,2021-08-26 02:16:44.409
61274425cbbec8f8074211d1,60d314f91b6d5fe571af4032,612740583044ee8ebc7bf24d,0,2021-08-26 07:35:01.860,1,2021-08-26 07:35:01.860
61274d27cbbec8f807423d1b,60d4016b2ea1d9d6ab30abdb,60f134d50f477cb5ea0b9bfa,0,2021-08-26 08:13:27.591,1,2021-08-26 08:13:27.591
6127505ecbbec8f807424da0,609d08255436ed23b6c89ce4,60f134d50f477cb5ea0b9bfa,0,2021-08-26 08:27:10.883,1,2021-08-26 08:27:10.883
61293c8ecbbec8f8074b0edd,60d15e305e45bae75062ef6e,61293a3cd0056d0c026255ea,0,2021-08-27 19:27:10.748,1,2021-08-27 19:27:10.748
6129842fcbbec8f8074c5846,60d179293d549f33ea06c37e,60d68de5147675465092b0ae,0,2021-08-28 00:32:47.053,1,2021-08-28 00:32:47.053
6129a168cbbec8f8074ce0f6,609cc8582addc520e61d4190,61293a3cd0056d0c026255ea,0,2021-08-28 02:37:28.840,1,2021-08-28 02:37:28.840
6129bf99cbbec8f8074d75c8,609b2d6262bf3ea603ef35eb,6108f78b2bf60cb8a69eb2e9,0,2021-08-28 04:46:17.094,1,2021-08-28 04:46:17.094
6129e4dacbbec8f8074e2503,60d935cea91f2bdf1d576145,60ab63a63bef09b497396cfd,0,2021-08-28 07:25:14.066,1,2021-08-28 07:25:14.066
612ba6e3cbbec8f80756336f,60cc7f9d12cae8e759e4414e,60e6abd3d138ba9087972927,0,2021-08-29 15:25:23.621,1,2021-08-29 15:25:23.621
612c4b11cbbec8f807593ae5,60d16cf56742613575f11cb9,61293a3cd0056d0c026255ea,0,2021-08-30 03:05:53.215,1,2021-08-30 03:05:53.215
612c842dcbbec8f8075a4a5a,60d04f0ee1a608e7869c21b1,610f893d7b3f8fb5ab0ba5c1,0,2021-08-30 07:09:33.566,1,2021-08-30 07:09:33.566
6130792ccbbec8f8076bae81,60d934a91b6d5fe571b0e326,613078f5c2477ae466a3796a,0,2021-09-02 07:11:40.350,1,2021-09-02 07:11:40.350
613079ddcbbec8f8076bb1e5,60d9a37801aa676d8cba6e9f,613078f5c2477ae466a3796a,0,2021-09-02 07:14:37.288,1,2021-09-02 07:14:37.288
6130d16dcbbec8f8076da21c,609b52a7759b4720d1ed28bc,610a51d48bf60fb86aefa772,0,2021-09-02 13:28:13.941,1,2021-09-02 13:28:13.941
6130e7f6cbbec8f8076e27bb,609b52a7759b4720d1ed28bc,6130e69570e5558453edf5a2,0,2021-09-02 15:04:22.062,1,2021-09-02 15:04:22.062
6132dd1a2e80ef52a007ca78,60d3f93e25b129c79030cf5c,610a51d48bf60fb86aefa772,0,2021-09-04 02:42:34.493,1,2021-09-04 02:42:34.493
6132e0f32e80ef52a007e252,60d835ba9050a70b0bad946d,610a51d48bf60fb86aefa772,0,2021-09-04 02:58:59.176,1,2021-09-04 02:58:59.176
61357e8c2e80ef52a01ff296,60d04eff2547e4e7a43fd78d,610f893d7b3f8fb5ab0ba5c1,0,2021-09-06 02:35:56.211,1,2021-09-06 02:35:56.211
6135ad1d2e80ef52a032958b,60d52e2810b48724ac25bb38,60d68de5147675465092b0ae,0,2021-09-06 05:54:37.567,1,2021-09-06 05:54:37.567
6136c8572e80ef52a0bfeffc,60d5374212cae8e759e6ee2d,60d68de5147675465092b0ae,0,2021-09-07 02:03:03.485,1,2021-09-07 02:03:03.485
613850712e80ef52a0b3869c,60d829ad706ccbe7c08fc2e8,60d68de5147675465092b0ae,0,2021-09-08 05:56:01.260,1,2021-09-08 05:56:01.260
61385fef2e80ef52a0b9461f,60d835ba9050a70b0bad946d,60d68de5147675465092b0ae,0,2021-09-08 07:02:07.798,1,2021-09-08 07:02:07.798
6139cdf32e80ef52a0da5320,609bca2a49865223af43679d,6139cc5ad8f31e42b5ec5360,0,2021-09-09 09:03:47.652,1,2021-09-09 09:03:47.652
613b22142e80ef52a0f613eb,609949444c30c0100b1185de,613b2135b31fdeb61ded884c,0,2021-09-10 09:15:00.746,1,2021-09-10 09:15:00.746
613b84682e80ef52a02e7559,60d2a6170c4ed7e5974294ad,613b83c7ce001477228ffe0a,0,2021-09-10 16:14:32.177,1,2021-09-10 16:14:32.177
613c29b72e80ef52a0539b36,60cee1f47504f5e57f68afef,60a20cea690415b469246fea,0,2021-09-11 03:59:51.725,1,2021-09-11 03:59:51.725
613c2c9c2e80ef52a053b136,60d4016b2ea1d9d6ab30abdb,60a20cea690415b469246fea,0,2021-09-11 04:12:12.281,1,2021-09-11 04:12:12.281
613c42d02e80ef52a0544298,6135ca2cee976398ea220460,60ab63a63bef09b497396cfd,0,2021-09-11 05:46:56.963,1,2021-09-11 05:46:56.963
613c48b62e80ef52a0546d86,60d68da292aeee0ae8228302,6098dab798a1111330b7623c,0,2021-09-11 06:12:06.826,1,2021-09-11 06:12:06.826
613d0fdd2e80ef52a0de5940,613cde448f32abd01890cb2b,6098dab798a1111330b7623c,0,2021-09-11 20:21:49.668,1,2021-09-11 20:21:49.668
613dd32e2e80ef52a0546889,60d68da292aeee0ae8228302,613dd28cf6ea77d026a6c459,0,2021-09-12 10:15:10.549,1,2021-09-12 10:15:10.549
613ddc412e80ef52a05dbb0c,60d696ca10b48724ac26bfc9,6098dab798a1111330b7623c,0,2021-09-12 10:53:53.223,1,2021-09-12 10:53:53.223
613ddc632e80ef52a05dbcf7,61379ed6d5ca509cf45433e1,6098dab798a1111330b7623c,0,2021-09-12 10:54:27.851,1,2021-09-12 10:54:27.851
613ddfc52e80ef52a05eaaad,613ce356942204d6ead71f0a,6098dab798a1111330b7623c,0,2021-09-12 11:08:53.663,1,2021-09-12 11:08:53.663
613de0122e80ef52a05ead97,613d1b1ace301ecb351b92cf,6098dab798a1111330b7623c,0,2021-09-12 11:10:10.262,1,2021-09-12 11:10:10.262
613e03622e80ef52a0912aa0,613d02c1e8e6e1c382f5840a,6098dab798a1111330b7623c,0,2021-09-12 13:40:50.093,1,2021-09-12 13:40:50.093
613e10d92e80ef52a09bebf3,61370c911d18a399042ba86f,6098dab798a1111330b7623c,0,2021-09-12 14:38:17.959,1,2021-09-12 14:38:17.959
613e1cba2e80ef52a0a8e600,6098fd51ada1c61054abb4ef,613e1bd7641997cb21527a24,0,2021-09-12 15:28:58.699,1,2021-09-12 15:28:58.699
613ebe8e2e80ef52a0199968,609b678f58404120e03801d4,610a51d48bf60fb86aefa772,0,2021-09-13 02:59:26.381,1,2021-09-13 02:59:26.381
613ecdc72e80ef52a01a0601,609cea2962bf3ea603efd2ad,610a51d48bf60fb86aefa772,0,2021-09-13 04:04:23.035,1,2021-09-13 04:04:23.035
613ecdd62e80ef52a01a0696,609b6e0162bf3ea603ef60b8,610a51d48bf60fb86aefa772,0,2021-09-13 04:04:38.589,1,2021-09-13 04:04:38.589
613f10282e80ef52a01c23e2,609d08255436ed23b6c89ce4,6098dab798a1111330b7623c,0,2021-09-13 08:47:36.583,1,2021-09-13 08:47:36.583
613f10a32e80ef52a01c274d,60d92f639b2c1d3c3e9b133f,6098dab798a1111330b7623c,0,2021-09-13 08:49:39.131,1,2021-09-13 08:49:39.131
613f19132e80ef52a0228622,60d69024e9fd8e0ac5cdc084,613f18a3f3c8aade6e2aca62,0,2021-09-13 09:25:39.044,1,2021-09-13 09:25:39.044
613f194f2e80ef52a022b299,6137108d90e68042e4c02fae,613f18a3f3c8aade6e2aca62,0,2021-09-13 09:26:39.490,1,2021-09-13 09:26:39.490
613f4c592e80ef52a05a0672,6135ebfe1d18a399042b7482,6098dab798a1111330b7623c,0,2021-09-13 13:04:25.378,1,2021-09-13 13:04:25.378
613f4d1a2e80ef52a05a3a0b,61361f384b4fb1a2ad8f1974,6098dab798a1111330b7623c,0,2021-09-13 13:07:38.536,1,2021-09-13 13:07:38.536
613f5dd22e80ef52a06036d5,613f25ae3b9122de607f72a2,613f5cb69b704cd9d0ec5c00,0,2021-09-13 14:18:58.862,1,2021-09-13 14:18:58.862
613f5dda2e80ef52a060372e,60d54884147675465091ae6c,613f5cb69b704cd9d0ec5c00,0,2021-09-13 14:19:06.145,1,2021-09-13 14:19:06.145
614042c22e80ef52a0856550,613ce356942204d6ead71f0a,60a24319f27c21b06aefd4d2,0,2021-09-14 06:35:46.812,1,2021-09-14 06:35:46.812
614047362e80ef52a08d53d7,613ce356942204d6ead71f0a,60a242b9f27c21b06aefd4d1,0,2021-09-14 06:54:46.889,1,2021-09-14 06:54:46.889
61406f672e80ef52a09d0de0,6137108d90e68042e4c02fae,6098dab798a1111330b7623c,0,2021-09-14 09:46:14.999,1,2021-09-14 09:46:14.999
614074db2e80ef52a09f3d46,60d698039050a70b0bad14fc,6098dab798a1111330b7623c,0,2021-09-14 10:09:31.243,1,2021-09-14 10:09:31.243
61409e992e80ef52a0ce519d,60d3f93e25b129c79030cf5c,6098dab798a1111330b7623c,0,2021-09-14 13:07:37.063,1,2021-09-14 13:07:37.063
614193e12e80ef52a0d5286b,60da8b11b3a1e26fd4a710ea,61039d8e2bf60cb8a69eb288,0,2021-09-15 06:34:09.230,1,2021-09-15 06:34:09.230
614194ca2e80ef52a0d5307b,609949444c30c0100b1185de,61039d8e2bf60cb8a69eb288,0,2021-09-15 06:38:02.557,1,2021-09-15 06:38:02.557
614196342e80ef52a0d53b89,60d696ca10b48724ac26bfc9,61039d8e2bf60cb8a69eb288,0,2021-09-15 06:44:04.778,1,2021-09-15 06:44:04.778
61419b002e80ef52a0d55aa4,609a38a79fd21b23c349023b,6098dab798a1111330b7623c,0,2021-09-15 07:04:32.462,1,2021-09-15 07:04:32.462
6141b1192e80ef52a0d5fa43,61408d89e77029b778f23aaa,6141b0d9e0098f691159777b,0,2021-09-15 08:38:49.031,1,2021-09-15 08:38:49.031
6141b7412e80ef52a0d62682,6140816e0dab44c1df01ef01,6141b0d9e0098f691159777b,0,2021-09-15 09:05:05.433,1,2021-09-15 09:05:05.433
6141fb922e80ef52a0d7d7c2,6140772d21152d68e490b5bb,6141d27f87792fc1e0579d5e,0,2021-09-15 13:56:34.144,1,2021-09-15 13:56:34.144
6141fbe42e80ef52a0d7db52,6140772d21152d68e490b5bb,6098d8a0a33c5c13108d8ee0,0,2021-09-15 13:57:56.532,1,2021-09-15 13:57:56.532
6142b8f32e80ef52a0ebe40b,60d1412f307be2e78cdc4fcd,610f893d7b3f8fb5ab0ba5c1,0,2021-09-16 03:24:35.017,1,2021-09-16 03:24:35.017
6142c6162e80ef52a006c094,60d6dfd9991c55e7a53729ed,610f893d7b3f8fb5ab0ba5c1,0,2021-09-16 04:20:38.841,1,2021-09-16 04:20:38.841
6142ced22e80ef52a00c7698,6140816e0dab44c1df01ef01,61039d8e2bf60cb8a69eb288,0,2021-09-16 04:57:54.541,1,2021-09-16 04:57:54.541
61430d502e80ef52a01b17ee,60d696ca10b48724ac26bfc9,6098d8a0a33c5c13108d8ee0,0,2021-09-16 09:24:32.302,1,2021-09-16 09:24:32.302
614311ff2e80ef52a01b3720,613de6efae9ab8d6b4c301b4,60ab63a63bef09b497396cfd,0,2021-09-16 09:44:31.666,1,2021-09-16 09:44:31.666
61434d022e80ef52a02c0b9b,60d68da292aeee0ae8228302,6098d8a0a33c5c13108d8ee0,0,2021-09-16 13:56:18.350,1,2021-09-16 13:56:18.350
61434e502e80ef52a02c1645,60d698039050a70b0bad14fc,6098d8a0a33c5c13108d8ee0,0,2021-09-16 14:01:52.586,1,2021-09-16 14:01:52.586
6143aa682e80ef52a02e38d3,613de6efae9ab8d6b4c301b4,6098dab798a1111330b7623c,0,2021-09-16 20:34:48.724,1,2021-09-16 20:34:48.724
6143beed2e80ef52a0373c57,6135ca2cee976398ea220460,6098d8a0a33c5c13108d8ee0,0,2021-09-16 22:02:21.618,1,2021-09-16 22:02:21.618
6143bf042e80ef52a0378d53,6131ea027ec98e9cedfc2950,6098d8a0a33c5c13108d8ee0,0,2021-09-16 22:02:44.185,1,2021-09-16 22:02:44.185
6143bf9c2e80ef52a038da24,6139aad1ee5732a2c77c06ba,6098d8a0a33c5c13108d8ee0,0,2021-09-16 22:05:16.950,1,2021-09-16 22:05:16.950
6143c58a2e80ef52a03fcf5e,613a3f91993f3698d1a227ef,6098dab798a1111330b7623c,0,2021-09-16 22:30:34.503,1,2021-09-16 22:30:34.503
614445a52e80ef52a07458e6,609bca2a49865223af43679d,61444466b4aac301c7df97db,0,2021-09-17 07:37:09.066,1,2021-09-17 07:37:09.066
61445a372e80ef52a074d378,613de6efae9ab8d6b4c301b4,614459d48d41d3fe9e2ffd22,0,2021-09-17 09:04:55.532,1,2021-09-17 09:04:55.532
6145ae132e80ef52a07cf427,613322bd42ae9ca2ee5d3e61,60a23b75371c4eb4837060e8,0,2021-09-18 09:14:59.461,1,2021-09-18 09:14:59.461
6145ae392e80ef52a07cf589,61332b0a42ae9ca2ee5d4b38,60a23b75371c4eb4837060e8,0,2021-09-18 09:15:37.009,1,2021-09-18 09:15:37.009
6145ae582e80ef52a07cf6c4,61344f3ec8daac98c8487998,60a23b75371c4eb4837060e8,0,2021-09-18 09:16:08.858,1,2021-09-18 09:16:08.858
6146e6e82e80ef52a08431ed,613795ecd5ca509cf454306c,6146e6a9685211eb058ba2c8,0,2021-09-19 07:29:44.747,1,2021-09-19 07:29:44.747
61470db32e80ef52a0852252,60d54884147675465091ae6c,61470cfeea64b493977207ba,0,2021-09-19 10:15:15.631,1,2021-09-19 10:15:15.631
614713342e80ef52a0855170,60d54ccb3ddad08ba4e80508,61470cfeea64b493977207ba,0,2021-09-19 10:38:44.043,1,2021-09-19 10:38:44.043
6147d0152e80ef52a0b437aa,60d54f78c20f0de793aa4cb7,61470cfeea64b493977207ba,0,2021-09-20 00:04:37.163,1,2021-09-20 00:04:37.163
6147e82a2e80ef52a0b4dc91,61345759d8f31e42b5eb30ee,609c92c32addc520e61d2f28,0,2021-09-20 01:47:22.245,1,2021-09-20 01:47:22.245
614835ed2e80ef52a0dd556e,609b678f58404120e03801d4,61470cfeea64b493977207ba,0,2021-09-20 07:19:09.311,1,2021-09-20 07:19:09.311
61483b022e80ef52a0de10f6,60d92f639b2c1d3c3e9b133f,6098d8a0a33c5c13108d8ee0,0,2021-09-20 07:40:50.688,1,2021-09-20 07:40:50.688
61485f742e80ef52a0e85832,609949444c30c0100b1185de,6098d8a0a33c5c13108d8ee0,0,2021-09-20 10:16:20.117,1,2021-09-20 10:16:20.117
61486fe02e80ef52a0e955d2,609cc8582addc520e61d4190,613b83c7ce001477228ffe0a,0,2021-09-20 11:26:24.130,1,2021-09-20 11:26:24.130
61488a912e80ef52a0e9ec4e,60d4016b2ea1d9d6ab30abdb,6098dab798a1111330b7623c,0,2021-09-20 13:20:17.877,1,2021-09-20 13:20:17.877
61488aa22e80ef52a0e9ecd9,60d4035112cae8e759e699d2,6098dab798a1111330b7623c,0,2021-09-20 13:20:34.107,1,2021-09-20 13:20:34.107
61488aa62e80ef52a0e9ed1f,609a4f8c49865223af428b73,6098dab798a1111330b7623c,0,2021-09-20 13:20:38.824,1,2021-09-20 13:20:38.824
61488aae2e80ef52a0e9ed6a,609b2d6262bf3ea603ef35eb,6098dab798a1111330b7623c,0,2021-09-20 13:20:46.775,1,2021-09-20 13:20:46.775
61488b9d2e80ef52a0e9f413,60d29ebc9ee625e363f2727d,6098dab798a1111330b7623c,0,2021-09-20 13:24:45.808,1,2021-09-20 13:24:45.808
61488ba32e80ef52a0e9f454,609cc60d9fd21b23c349f3bc,6098dab798a1111330b7623c,0,2021-09-20 13:24:51.042,1,2021-09-20 13:24:51.042
61488ba72e80ef52a0e9f491,609ccd9849865223af438892,6098dab798a1111330b7623c,0,2021-09-20 13:24:55.384,1,2021-09-20 13:24:55.384
61488c372e80ef52a0e9f93a,61326028c8daac98c848441a,6098dab798a1111330b7623c,0,2021-09-20 13:27:19.248,1,2021-09-20 13:27:19.248
61488d592e80ef52a0ea0220,609b52a7759b4720d1ed28bc,6098dab798a1111330b7623c,0,2021-09-20 13:32:09.484,1,2021-09-20 13:32:09.484
61488d5d2e80ef52a0ea025b,60d52cee19f1f0265e8f3100,6098dab798a1111330b7623c,0,2021-09-20 13:32:13.793,1,2021-09-20 13:32:13.793
61488d652e80ef52a0ea02ae,609b6e0162bf3ea603ef60b8,6098dab798a1111330b7623c,0,2021-09-20 13:32:21.967,1,2021-09-20 13:32:21.967
61488d702e80ef52a0ea031d,609bca2a49865223af43679d,6098dab798a1111330b7623c,0,2021-09-20 13:32:32.880,1,2021-09-20 13:32:32.880
61488dac2e80ef52a0ea0486,60d54884147675465091ae6c,6098dab798a1111330b7623c,0,2021-09-20 13:33:32.723,1,2021-09-20 13:33:32.723
61488db12e80ef52a0ea04c7,60d54ccb3ddad08ba4e80508,6098dab798a1111330b7623c,0,2021-09-20 13:33:37.158,1,2021-09-20 13:33:37.158
61488db52e80ef52a0ea0500,613f25ae3b9122de607f72a2,6098dab798a1111330b7623c,0,2021-09-20 13:33:41.854,1,2021-09-20 13:33:41.854
61488dc32e80ef52a0ea056d,609b53d10cc1f1211952d936,6098dab798a1111330b7623c,0,2021-09-20 13:33:55.697,1,2021-09-20 13:33:55.697
61488dc72e80ef52a0ea05ae,609b678f58404120e03801d4,6098dab798a1111330b7623c,0,2021-09-20 13:33:59.680,1,2021-09-20 13:33:59.680
61488dd72e80ef52a0ea068c,60d54f78c20f0de793aa4cb7,6098dab798a1111330b7623c,0,2021-09-20 13:34:15.583,1,2021-09-20 13:34:15.583
614958bf2e80ef52a0ffd3aa,609b678f58404120e03801d4,609c92c32addc520e61d2f28,0,2021-09-21 03:59:59.138,1,2021-09-21 03:59:59.138
6149a3302e80ef52a001a591,60ac70acf97fe867c40671b9,6098dab798a1111330b7623c,0,2021-09-21 09:17:36.342,1,2021-09-21 09:17:36.342
6149a49e2e80ef52a001b0b1,60ac829197a82a6364e3eb17,6098dab798a1111330b7623c,0,2021-09-21 09:23:42.410,1,2021-09-21 09:23:42.410
6149a4e62e80ef52a001b353,609e1793548b71237e9eb00e,613b83c7ce001477228ffe0a,0,2021-09-21 09:24:54.296,1,2021-09-21 09:24:54.296
6149a5172e80ef52a001b526,60ac8383ad913a6579b17ab9,6098dab798a1111330b7623c,0,2021-09-21 09:25:43.982,1,2021-09-21 09:25:43.982
614a998b2e80ef52a00735e5,60d6bef3991c55e7a536ee08,610f893d7b3f8fb5ab0ba5c1,0,2021-09-22 02:48:43.220,1,2021-09-22 02:48:43.220
614aa9b22e80ef52a0079977,6135c282ef0b8b9ce39b6dd2,613ecb5ae13cb0d6f4a16ac7,0,2021-09-22 03:57:38.396,1,2021-09-22 03:57:38.396
614b048d2e80ef52a00f5d86,6135ebfe1d18a399042b7482,6098d8a0a33c5c13108d8ee0,0,2021-09-22 10:25:17.792,1,2021-09-22 10:25:17.792
614b06792e80ef52a011a666,613a4072ee35dc54004f9d68,6098d8a0a33c5c13108d8ee0,0,2021-09-22 10:33:29.294,1,2021-09-22 10:33:29.294
614c00ab2e80ef52a026925d,60d15e305e45bae75062ef6e,614c0009aff3624ca5fc6697,0,2021-09-23 04:20:59.982,1,2021-09-23 04:20:59.982
614c01262e80ef52a0269854,61408d89e77029b778f23aaa,614c0053ba4ded49e417a568,0,2021-09-23 04:23:02.126,1,2021-09-23 04:23:02.126
614c05f72e80ef52a026c496,609a3a0b49865223af428b6a,614c00be3ea358f6efcee82f,0,2021-09-23 04:43:35.017,1,2021-09-23 04:43:35.017
614c0b8c2e80ef52a026f721,60d92f639b2c1d3c3e9b133f,614c0a7145e7d0f6c93e1e44,0,2021-09-23 05:07:24.580,1,2021-09-23 05:07:24.580
614c111d2e80ef52a02721a5,6099ebfce803d120b85ec0a9,614c0da97bb1aaf6f5230bd2,0,2021-09-23 05:31:09.283,1,2021-09-23 05:31:09.283
614c23fd2e80ef52a02d0d74,609949444c30c0100b1185de,614c23736a0b99f6d56ee6c6,0,2021-09-23 06:51:41.137,1,2021-09-23 06:51:41.137
614c368b2e80ef52a0383fa7,60d92f639b2c1d3c3e9b133f,614c35eb99e7414cb90d59fe,0,2021-09-23 08:10:51.645,1,2021-09-23 08:10:51.645
614c37a82e80ef52a0384a9a,60d92f639b2c1d3c3e9b133f,614c36a5a603cdf6c3e74525,0,2021-09-23 08:15:36.596,1,2021-09-23 08:15:36.596
614c37de2e80ef52a0384db6,60d92f639b2c1d3c3e9b133f,614c36ed9547dcf6df45f864,0,2021-09-23 08:16:30.307,1,2021-09-23 08:16:30.307
614c38762e80ef52a03865b5,609c8aa777dc942215bd9ab9,614c36ed9547dcf6df45f864,0,2021-09-23 08:19:02.170,1,2021-09-23 08:19:02.170
614c3aac2e80ef52a0393b95,60d7103a12cae8e759e83968,614c36f66a0b99f6d56ee6d2,0,2021-09-23 08:28:28.409,1,2021-09-23 08:28:28.409
614c3ff72e80ef52a03a2ba0,60cee1f47504f5e57f68afef,6098d6d460c9d01330ba6ea0,0,2021-09-23 08:51:03.698,1,2021-09-23 08:51:03.698
614c410e2e80ef52a03a3558,609cea2962bf3ea603efd2ad,614c3f9aba4ded49e417f5e3,0,2021-09-23 08:55:42.083,1,2021-09-23 08:55:42.083
614c411c2e80ef52a03a35d3,60cee1f47504f5e57f68afef,614c404c70a9d8f6b6d6e90d,0,2021-09-23 08:55:56.478,1,2021-09-23 08:55:56.478
614c41682e80ef52a03a46c2,609c8aa777dc942215bd9ab9,614c40a1844f7b4cc57869c6,0,2021-09-23 08:57:12.974,1,2021-09-23 08:57:12.974
614c43f72e80ef52a03a74a7,6137b55b8bac3842c8909eb8,614c42ef18ce973ace05a8b6,0,2021-09-23 09:08:07.659,1,2021-09-23 09:08:07.659
614c442c2e80ef52a03a76d2,6148926a031088f1e0bfd051,614c42ef18ce973ace05a8b6,0,2021-09-23 09:09:00.461,1,2021-09-23 09:09:00.461
614c44452e80ef52a03a786b,6137b55b8bac3842c8909eb8,614c0a7145e7d0f6c93e1e44,0,2021-09-23 09:09:25.704,1,2021-09-23 09:09:25.704
614c49f72e80ef52a03de0a2,60d68da292aeee0ae8228302,614c3f9aba4ded49e417f5e3,0,2021-09-23 09:33:43.876,1,2021-09-23 09:33:43.876
614c4ab82e80ef52a03decce,60d7103a12cae8e759e83968,614c49433f661344a2ae6cdc,0,2021-09-23 09:36:56.989,1,2021-09-23 09:36:56.989
614c4c082e80ef52a0401778,61370c911d18a399042ba86f,614c4b723277743ac0cc985b,0,2021-09-23 09:42:32.747,1,2021-09-23 09:42:32.747
614c4c4d2e80ef52a040583e,60d698039050a70b0bad14fc,614c48f03f3a3044b61bd89a,0,2021-09-23 09:43:41.805,1,2021-09-23 09:43:41.805
614c4d182e80ef52a040655a,6098d49e01c156105d56a586,614c4b723277743ac0cc985b,0,2021-09-23 09:47:04.583,1,2021-09-23 09:47:04.583
614c4fa22e80ef52a0445cbd,60cee1f47504f5e57f68afef,609c92c32addc520e61d2f28,0,2021-09-23 09:57:54.810,1,2021-09-23 09:57:54.810
614c54462e80ef52a046af8e,60d92f639b2c1d3c3e9b133f,614c50e53f3a3044b61bd8a4,0,2021-09-23 10:17:41.991,1,2021-09-23 10:17:41.991
614c54912e80ef52a047c63f,61326028c8daac98c848441a,614c5342c8c470e527396b9a,0,2021-09-23 10:18:57.044,1,2021-09-23 10:18:57.044
614c556e2e80ef52a0485894,6098a809ada1c61054ab9baf,614c5342c8c470e527396b9a,0,2021-09-23 10:22:38.708,1,2021-09-23 10:22:38.708
614c56ad2e80ef52a04bfce0,609d08255436ed23b6c89ce4,614c50e53f3a3044b61bd8a4,0,2021-09-23 10:27:57.277,1,2021-09-23 10:27:57.277
614c574b2e80ef52a04c1905,60d934a91b6d5fe571b0e326,614c50e53f3a3044b61bd8a4,0,2021-09-23 10:30:35.282,1,2021-09-23 10:30:35.282
614c57be2e80ef52a04c1e0b,609c8aa777dc942215bd9ab9,614c50e53f3a3044b61bd8a4,0,2021-09-23 10:32:30.663,1,2021-09-23 10:32:30.663
614c5f752e80ef52a04fa650,609949444c30c0100b1185de,614c5edac5ff76e55f09e9fa,0,2021-09-23 11:05:25.721,1,2021-09-23 11:05:25.721
614c5f932e80ef52a04fa751,6137a360eed6ba98c252d100,614c5edac5ff76e55f09e9fa,0,2021-09-23 11:05:55.523,1,2021-09-23 11:05:55.523
614c80782e80ef52a0738fc3,609c8aa777dc942215bd9ab9,614c0a7145e7d0f6c93e1e44,0,2021-09-23 13:26:16.714,1,2021-09-23 13:26:16.714
614c812b2e80ef52a073bae2,6137b55b8bac3842c8909eb8,614c8036e1ada1e5341bb84b,0,2021-09-23 13:29:15.956,1,2021-09-23 13:29:15.956
614cc1e62e80ef52a07b6ce0,6134596bf1b7ce9d2819de9e,613b83c7ce001477228ffe0a,0,2021-09-23 18:05:26.373,1,2021-09-23 18:05:26.373
614d9ec92e80ef52a081593e,60d696ca10b48724ac26bfc9,614d9da987f5db44a384db4e,0,2021-09-24 09:47:53.593,1,2021-09-24 09:47:53.593
614da3c52e80ef52a0817d3b,6098a809ada1c61054ab9baf,614c3f9aba4ded49e417f5e3,0,2021-09-24 10:09:09.800,1,2021-09-24 10:09:09.800
614dc42c2e80ef52a0826158,61370c911d18a399042ba86f,614d7989c5ff76e55f0a9ba6,0,2021-09-24 12:27:24.216,1,2021-09-24 12:27:24.216
614dccfd2e80ef52a0829a4e,60d5950a6742613575f2f1a4,614c4b723277743ac0cc985b,0,2021-09-24 13:05:01.779,1,2021-09-24 13:05:01.779
614defc42e80ef52a083919b,613725ee5a8a059d18da8ddd,614d7989c5ff76e55f0a9ba6,0,2021-09-24 15:33:24.202,1,2021-09-24 15:33:24.202
614df07c2e80ef52a08396ca,60d698039050a70b0bad14fc,614d7989c5ff76e55f0a9ba6,0,2021-09-24 15:36:28.460,1,2021-09-24 15:36:28.460
614e6cab2e80ef52a0868d36,6140671987792fc1e0575c20,614e6bd2c5ff76e55f0a9bc3,0,2021-09-25 00:26:19.176,1,2021-09-25 00:26:19.176
614ecdb82e80ef52a08e725e,6137b55b8bac3842c8909eb8,614ecd0618ce973ace05a8f8,0,2021-09-25 07:20:24.795,1,2021-09-25 07:20:24.795
614ece142e80ef52a08e7604,609c8aa777dc942215bd9ab9,614ecd1af5dd1944c2d80b11,0,2021-09-25 07:21:56.196,1,2021-09-25 07:21:56.196
614ece4b2e80ef52a08e7934,60d934a91b6d5fe571b0e326,614ecb2df5dd1944c2d80b0c,0,2021-09-25 07:22:51.690,1,2021-09-25 07:22:51.690
614ecf0a2e80ef52a08e80b6,6137b55b8bac3842c8909eb8,614ecd1af5dd1944c2d80b11,0,2021-09-25 07:26:02.324,1,2021-09-25 07:26:02.324
614ecff42e80ef52a08e8b9c,6137b55b8bac3842c8909eb8,614eceed45d825e5355ad528,0,2021-09-25 07:29:56.667,1,2021-09-25 07:29:56.667
614ed0852e80ef52a08e94a9,609c8aa777dc942215bd9ab9,614ecf0ff4f23544d01d0760,0,2021-09-25 07:32:21.344,1,2021-09-25 07:32:21.344
614ed09a2e80ef52a08e959b,6137b23ac1ba18a2d63d019c,614ecd1af5dd1944c2d80b11,0,2021-09-25 07:32:42.587,1,2021-09-25 07:32:42.587
614ed1ba2e80ef52a08ea36a,6137b33ff1b7ce9d281a922b,614ecd1af5dd1944c2d80b11,0,2021-09-25 07:37:30.303,1,2021-09-25 07:37:30.303
614ed3432e80ef52a08eafa3,60d93176206f6ae5806fd0b0,614ecc00419ad009c1b6aae3,0,2021-09-25 07:44:03.318,1,2021-09-25 07:44:03.318
614ee6862e80ef52a08f3076,6137b55b8bac3842c8909eb8,614ee5e5c5ff76e55f0a9cdb,0,2021-09-25 09:06:14.162,1,2021-09-25 09:06:14.162
614ee7192e80ef52a08f3585,609c8aa777dc942215bd9ab9,614ee674419ad009c1b6aaf5,0,2021-09-25 09:08:41.548,1,2021-09-25 09:08:41.548
614ee7a72e80ef52a08f3a32,6137b55b8bac3842c8909eb8,614ee60008539b44b0136d51,0,2021-09-25 09:11:03.933,1,2021-09-25 09:11:03.933
614ef33e2e80ef52a09310b1,60d577f73ddad08ba4e8118f,614d7989c5ff76e55f0a9ba6,0,2021-09-25 10:00:30.522,1,2021-09-25 10:00:30.522
614f067f2e80ef52a0ad55a6,61370c911d18a399042ba86f,614f05da18ce973ace05a925,0,2021-09-25 11:22:39.523,1,2021-09-25 11:22:39.523
614f31022e80ef52a0db278c,61401921de0c7c873beee94e,614c36f66a0b99f6d56ee6d2,0,2021-09-25 14:24:02.483,1,2021-09-25 14:24:02.483
614f32b42e80ef52a0db794a,61489acfeaf6eaf1edbbfb6a,614c36f66a0b99f6d56ee6d2,0,2021-09-25 14:31:16.235,1,2021-09-25 14:31:16.235
614f597a2e80ef52a0e35f5c,6099ebb90da1ae20f6d45311,6098dab798a1111330b7623c,0,2021-09-25 17:16:42.922,1,2021-09-25 17:16:42.922
614f59922e80ef52a0e361af,609a0c51fb46dc238dcfcb35,6098dab798a1111330b7623c,0,2021-09-25 17:17:06.050,1,2021-09-25 17:17:06.050
614f59a72e80ef52a0e36278,609b4db014dca82233ecbbb4,6098dab798a1111330b7623c,0,2021-09-25 17:17:27.144,1,2021-09-25 17:17:27.144
614f66a22e80ef52a0e3bb53,6099ebb90da1ae20f6d45311,614f6623e045683ae06292db,0,2021-09-25 18:12:50.647,1,2021-09-25 18:12:50.647
614f6b452e80ef52a0e3dcc9,6099ebb90da1ae20f6d45311,614f6a0df5dd1944c2d81df0,0,2021-09-25 18:32:37.833,1,2021-09-25 18:32:37.833
614f6b8d2e80ef52a0e3de9d,61331a5f177046990b4c8903,614f6a0df5dd1944c2d81df0,0,2021-09-25 18:33:49.933,1,2021-09-25 18:33:49.933
614f6c232e80ef52a0e3e2ee,609a0c51fb46dc238dcfcb35,614f6a0df5dd1944c2d81df0,0,2021-09-25 18:36:19.094,1,2021-09-25 18:36:19.094
614f6cea2e80ef52a0e3e9f2,609b43dccf3cb4223190ba2c,614f6a0df5dd1944c2d81df0,0,2021-09-25 18:39:38.612,1,2021-09-25 18:39:38.612
614f6d3e2e80ef52a0e3ec69,609b4db014dca82233ecbbb4,614f6a0df5dd1944c2d81df0,0,2021-09-25 18:41:02.443,1,2021-09-25 18:41:02.443
614f6d7b2e80ef52a0e3f022,609b4ec0dc5f8522099890f2,6098dab798a1111330b7623c,0,2021-09-25 18:42:03.216,1,2021-09-25 18:42:03.216
614f6df92e80ef52a0e3f372,609b4ec0dc5f8522099890f2,614f6a0df5dd1944c2d81df0,0,2021-09-25 18:44:09.681,1,2021-09-25 18:44:09.681
614fd8152e80ef52a0e67abb,60cee3b586997de78c678660,60d68de5147675465092b0ae,0,2021-09-26 02:16:53.428,1,2021-09-26 02:16:53.428
615029a42e80ef52a0e8921f,609bca2a49865223af43679d,6150288742260309df478978,0,2021-09-26 08:04:52.473,1,2021-09-26 08:04:52.473
615084d52e80ef52a014bfe9,609cc6d3764931920e60edb9,615082f2e045683ae06314ad,0,2021-09-26 14:33:57.582,1,2021-09-26 14:33:57.582
615085262e80ef52a014c2e5,60cddf063f8e8ee371d0788d,6150802476d6423ad5df40c8,0,2021-09-26 14:35:18.501,1,2021-09-26 14:35:18.501
615085d02e80ef52a014c8e3,60d68da292aeee0ae8228302,61508468419ad009c1b6d4c1,0,2021-09-26 14:38:08.550,1,2021-09-26 14:38:08.550
6150fa8a2e80ef52a017b5ef,60d4035112cae8e759e699d2,60ef7e6b2bf60cb8a69eaf52,0,2021-09-26 22:56:10.193,1,2021-09-26 22:56:10.193
615116602e80ef52a0186c4d,60d16cf56742613575f11cb9,6151147f87f5db44a384ddc5,0,2021-09-27 00:54:56.619,1,2021-09-27 00:54:56.619
